ymdh,wl
2022060101,0.57
2022060102,0.58
2022060103,0.58
2022060104,0.58
2022060105,0.58
2022060106,0.58
2022060107,0.57
2022060108,0.58
2022060109,0.57
2022060110,0.58
2022060111,0.58
2022060112,0.57
2022060113,0.58
2022060114,0.57
2022060115,0.57
2022060116,0.58
2022060117,0.57
2022060118,0.57
2022060119,0.57
2022060120,0.57
2022060121,0.57
2022060122,0.57
2022060123,0.57
2022060124,0.57
2022060201,0.57
2022060202,0.57
2022060203,0.57
2022060204,0.57
2022060205,0.57
2022060206,0.57
2022060207,0.57
2022060208,0.57
2022060209,0.57
2022060210,0.57
2022060211,0.57
2022060212,0.57
2022060213,0.57
2022060214,0.57
2022060215,0.57
2022060216,0.57
2022060217,0.57
2022060218,0.57
2022060219,0.57
2022060220,0.57
2022060221,0.57
2022060222,0.57
2022060223,0.57
2022060224,0.57
2022060301,0.57
2022060302,0.57
2022060303,0.57
2022060304,0.57
2022060305,0.57
2022060306,0.57
2022060307,0.57
2022060308,0.57
2022060309,0.57
2022060310,0.57
2022060311,0.57
2022060312,0.57
2022060313,0.57
2022060314,0.57
2022060315,0.57
2022060316,0.57
2022060317,0.57
2022060318,0.57
2022060319,0.57
2022060320,0.57
2022060321,0.57
2022060322,0.57
2022060323,0.57
2022060324,0.57
2022060401,0.57
2022060402,0.57
2022060403,0.57
2022060404,0.57
2022060405,0.57
2022060406,0.57
2022060407,0.57
2022060408,0.57
2022060409,0.57
2022060410,0.57
2022060411,0.57
2022060412,0.57
2022060413,0.57
2022060414,0.57
2022060415,0.57
2022060416,0.57
2022060417,0.57
2022060418,0.56
2022060419,0.56
2022060420,0.56
2022060421,0.56
2022060422,0.56
2022060423,0.56
2022060424,0.57
2022060501,0.57
2022060502,0.57
2022060503,0.57
2022060504,0.57
2022060505,0.57
2022060506,0.57
2022060507,0.57
2022060508,0.57
2022060509,0.58
2022060510,0.58
2022060511,0.58
2022060512,0.59
2022060513,0.59
2022060514,0.59
2022060515,0.59
2022060516,0.6
2022060517,0.62
2022060518,0.63
2022060519,0.64
2022060520,0.66
2022060521,0.68
2022060522,0.68
2022060523,0.69
2022060524,0.69
2022060601,0.7
2022060602,0.72
2022060603,0.73
2022060604,0.74
2022060605,0.75
2022060606,0.76
2022060607,0.75
2022060608,0.75
2022060609,0.75
2022060610,0.75
2022060611,0.74
2022060612,0.73
2022060613,0.73
2022060614,0.72
2022060615,0.72
2022060616,0.71
2022060617,0.71
2022060618,0.7
2022060619,0.7
2022060620,0.7
2022060621,0.69
2022060622,0.69
2022060623,0.68
2022060624,0.68
2022060701,0.67
2022060702,0.67
2022060703,0.66
2022060704,0.66
2022060705,0.66
2022060706,0.65
2022060707,0.65
2022060708,0.65
2022060709,0.65
2022060710,0.65
2022060711,0.64
2022060712,0.65
2022060713,0.64
2022060714,0.64
2022060715,0.64
2022060716,0.64
2022060717,0.64
2022060718,0.63
2022060719,0.63
2022060720,0.63
2022060721,0.64
2022060722,0.65
2022060723,0.66
2022060724,0.67
2022060801,0.68
2022060802,0.68
2022060803,0.67
2022060804,0.67
2022060805,0.67
2022060806,0.68
2022060807,0.68
2022060808,0.69
2022060809,0.69
2022060810,0.69
2022060811,0.7
2022060812,0.7
2022060813,0.71
2022060814,0.7
2022060815,0.71
2022060816,0.71
2022060817,0.71
2022060818,0.7
2022060819,0.71
2022060820,0.7
2022060821,0.7
2022060822,0.7
2022060823,0.7
2022060824,0.69
2022060901,0.69
2022060902,0.69
2022060903,0.69
2022060904,0.68
2022060905,0.68
2022060906,0.68
2022060907,0.67
2022060908,0.67
2022060909,0.67
2022060910,0.67
2022060911,0.66
2022060912,0.66
2022060913,0.66
2022060914,0.66
2022060915,0.66
2022060916,0.66
2022060917,0.65
2022060918,0.65
2022060919,0.65
2022060920,0.65
2022060921,0.65
2022060922,0.65
2022060923,0.65
2022060924,0.64
2022061001,0.64
2022061002,0.64
2022061003,0.67
2022061004,0.65
2022061005,0.64
2022061006,0.64
2022061007,0.64
2022061008,0.64
2022061009,0.63
2022061010,0.63
2022061011,0.6
2022061012,0.61
2022061013,0.62
2022061014,0.63
2022061015,0.63
2022061016,0.63
2022061017,0.63
2022061018,0.63
2022061019,0.63
2022061020,0.63
2022061021,0.62
2022061022,0.62
2022061023,0.62
2022061024,0.62
2022061101,0.62
2022061102,0.62
2022061103,0.62
2022061104,0.62
2022061105,0.62
2022061106,0.62
2022061107,0.62
2022061108,0.62
2022061109,0.62
2022061110,0.62
2022061111,0.62
2022061112,0.62
2022061113,0.61
2022061114,0.61
2022061115,0.61
2022061116,0.61
2022061117,0.61
2022061118,0.61
2022061119,0.61
2022061120,0.61
2022061121,0.61
2022061122,0.61
2022061123,0.61
2022061124,0.61
2022061201,0.61
2022061202,0.61
2022061203,0.61
2022061204,0.61
2022061205,0.61
2022061206,0.61
2022061207,0.61
2022061208,0.61
2022061209,0.61
2022061210,0.61
2022061211,0.61
2022061212,0.61
2022061213,0.61
2022061214,0.61
2022061215,0.6
2022061216,0.6
2022061217,0.61
2022061218,0.6
2022061219,0.6
2022061220,0.6
2022061221,0.6
2022061222,0.6
2022061223,0.6
2022061224,0.6
2022061301,0.6
2022061302,0.6
2022061303,0.6
2022061304,0.6
2022061305,0.6
2022061306,0.6
2022061307,0.6
2022061308,0.6
2022061309,0.6
2022061310,0.6
2022061311,0.6
2022061312,0.6
2022061313,0.6
2022061314,0.6
2022061315,0.6
2022061316,0.6
2022061317,0.6
2022061318,0.6
2022061319,0.6
2022061320,0.6
2022061321,0.6
2022061322,0.6
2022061323,0.6
2022061324,0.59
2022061401,0.59
2022061402,0.59
2022061403,0.6
2022061404,0.6
2022061405,0.6
2022061406,0.6
2022061407,0.6
2022061408,0.6
2022061409,0.6
2022061410,0.6
2022061411,0.6
2022061412,0.59
2022061413,0.59
2022061414,0.59
2022061415,0.6
2022061416,0.59
2022061417,0.59
2022061418,0.6
2022061419,0.59
2022061420,0.59
2022061421,0.6
2022061422,0.6
2022061423,0.59
2022061424,0.6
2022061501,0.6
2022061502,0.6
2022061503,0.6
2022061504,0.6
2022061505,0.6
2022061506,0.6
2022061507,0.6
2022061508,0.6
2022061509,0.6
2022061510,0.6
2022061511,0.61
2022061512,0.61
2022061513,0.61
2022061514,0.62
2022061515,0.62
2022061516,0.62
2022061517,0.63
2022061518,0.63
2022061519,0.63
2022061520,0.64
2022061521,0.64
2022061522,0.64
2022061523,0.64
2022061524,0.65
2022061601,0.65
2022061602,0.66
2022061603,0.66
2022061604,0.67
2022061605,0.67
2022061606,0.67
2022061607,0.67
2022061608,0.66
2022061609,0.66
2022061610,0.66
2022061611,0.66
2022061612,0.66
2022061613,0.66
2022061614,0.65
2022061615,0.65
2022061616,0.66
2022061617,0.65
2022061618,0.65
2022061619,0.65
2022061620,0.65
2022061621,0.65
2022061622,0.65
2022061623,0.65
2022061624,0.64
2022061701,0.64
2022061702,0.64
2022061703,0.64
2022061704,0.64
2022061705,0.64
2022061706,0.64
2022061707,0.64
2022061708,0.64
2022061709,0.63
2022061710,0.63
2022061711,0.63
2022061712,0.63
2022061713,0.63
2022061714,0.63
2022061715,0.63
2022061716,0.63
2022061717,0.63
2022061718,0.63
2022061719,0.63
2022061720,0.62
2022061721,0.62
2022061722,0.62
2022061723,0.62
2022061724,0.62
2022061801,0.62
2022061802,0.62
2022061803,0.62
2022061804,0.62
2022061805,0.62
2022061806,0.62
2022061807,0.62
2022061808,0.62
2022061809,0.62
2022061810,0.61
2022061811,0.62
2022061812,0.62
2022061813,0.62
2022061814,0.61
2022061815,0.62
2022061816,0.61
2022061817,0.61
2022061818,0.61
2022061819,0.61
2022061820,0.61
2022061821,0.62
2022061822,0.61
2022061823,0.61
2022061824,0.61
2022061901,0.61
2022061902,0.61
2022061903,0.61
2022061904,0.61
2022061905,0.61
2022061906,0.61
2022061907,0.61
2022061908,0.61
2022061909,0.61
2022061910,0.61
2022061911,0.61
2022061912,0.61
2022061913,0.61
2022061914,0.61
2022061915,0.6
2022061916,0.61
2022061917,0.61
2022061918,0.6
2022061919,0.6
2022061920,0.63
2022061921,0.62
2022061922,0.61
2022061923,0.61
2022061924,0.6
2022062001,0.6
2022062002,0.6
2022062003,0.6
2022062004,0.6
2022062005,0.6
2022062006,0.6
2022062007,0.6
2022062008,0.6
2022062009,0.6
2022062010,0.6
2022062011,0.6
2022062012,0.6
2022062013,0.6
2022062014,0.6
2022062015,0.6
2022062016,0.66
2022062017,0.61
2022062018,0.61
2022062019,0.6
2022062020,0.6
2022062021,0.6
2022062022,0.6
2022062023,0.6
2022062024,0.6
2022062101,0.6
2022062102,0.6
2022062103,0.6
2022062104,0.6
2022062105,0.6
2022062106,0.6
2022062107,0.6
2022062108,0.6
2022062109,0.6
2022062110,0.59
2022062111,0.59
2022062112,0.59
2022062113,0.57
2022062114,0.56
2022062115,0.58
2022062116,0.59
2022062117,0.59
2022062118,0.59
2022062119,0.59
2022062120,0.59
2022062121,0.59
2022062122,0.59
2022062123,0.59
2022062124,0.59
2022062201,0.59
2022062202,0.59
2022062203,0.59
2022062204,0.59
2022062205,0.59
2022062206,0.59
2022062207,0.59
2022062208,0.59
2022062209,0.59
2022062210,0.59
2022062211,0.59
2022062212,0.59
2022062213,0.59
2022062214,0.59
2022062215,0.59
2022062216,0.59
2022062217,0.59
2022062218,0.59
2022062219,0.59
2022062220,0.59
2022062221,0.59
2022062222,0.59
2022062223,0.59
2022062224,0.59
2022062301,0.59
2022062302,0.59
2022062303,0.59
2022062304,0.59
2022062305,0.59
2022062306,0.59
2022062307,0.59
2022062308,0.59
2022062309,0.59
2022062310,0.59
2022062311,0.59
2022062312,0.59
2022062313,0.59
2022062314,0.59
2022062315,0.59
2022062316,0.59
2022062317,0.59
2022062318,0.59
2022062319,0.59
2022062320,0.59
2022062321,0.62
2022062322,0.6
2022062323,0.59
2022062324,0.59
2022062401,0.65
2022062402,0.69
2022062403,0.74
2022062404,0.75
2022062405,1.04
2022062406,1.44
2022062407,1.38
2022062408,1.57
2022062409,1.56
2022062410,1.46
2022062411,1.44
2022062412,1.33
2022062413,1.27
2022062414,1.18
2022062415,1.18
2022062416,1.12
2022062417,1.1
2022062418,1.09
2022062419,1.06
2022062420,1.04
2022062421,1.02
2022062422,1.01
2022062423,1.0
2022062424,0.98
2022062501,0.97
2022062502,0.96
2022062503,0.95
2022062504,0.94
2022062505,0.93
2022062506,0.92
2022062507,0.92
2022062508,0.91
2022062509,0.9
2022062510,0.9
2022062511,0.89
2022062512,0.89
2022062513,0.88
2022062514,0.88
2022062515,0.87
2022062516,0.87
2022062517,0.86
2022062518,0.86
2022062519,0.85
2022062520,0.85
2022062521,0.85
2022062522,0.84
2022062523,0.84
2022062524,0.83
2022062601,0.83
2022062602,0.83
2022062603,0.82
2022062604,0.82
2022062605,0.82
2022062606,0.82
2022062607,0.81
2022062608,0.81
2022062609,0.8
2022062610,0.8
2022062611,0.8
2022062612,0.8
2022062613,0.79
2022062614,0.79
2022062615,0.79
2022062616,0.79
2022062617,0.79
2022062618,0.79
2022062619,0.78
2022062620,0.78
2022062621,0.78
2022062622,0.78
2022062623,0.77
2022062624,0.77
2022062701,0.77
2022062702,0.77
2022062703,0.77
2022062704,0.77
2022062705,0.76
2022062706,0.77
2022062707,0.77
2022062708,0.77
2022062709,0.77
2022062710,0.77
2022062711,0.77
2022062712,0.78
2022062713,0.79
2022062714,0.8
2022062715,0.81
2022062716,0.82
2022062717,0.84
2022062718,0.86
2022062719,0.91
2022062720,0.92
2022062721,0.94
2022062722,0.94
2022062723,0.94
2022062724,0.95
2022062801,0.94
2022062802,0.95
2022062803,0.94
2022062804,0.94
2022062805,0.95
2022062806,0.95
2022062807,0.98
2022062808,1.0
2022062809,1.01
2022062810,1.01
2022062811,1.01
2022062812,1.01
2022062813,1.0
2022062814,1.0
2022062815,0.99
2022062816,0.99
2022062817,0.98
2022062818,0.98
2022062819,0.97
2022062820,0.97
2022062821,0.96
2022062822,0.96
2022062823,0.96
2022062824,0.96
2022062901,0.96
2022062902,0.96
2022062903,0.96
2022062904,0.96
2022062905,0.97
2022062906,0.99
2022062907,0.99
2022062908,1.0
2022062909,1.01
2022062910,1.02
2022062911,1.04
2022062912,1.09
2022062913,1.11
2022062914,1.11
2022062915,1.1
2022062916,1.08
2022062917,1.08
2022062918,1.06
2022062919,1.05
2022062920,1.04
2022062921,1.04
2022062922,1.04
2022062923,1.04
2022062924,1.05
2022063001,1.05
2022063002,1.08
2022063003,1.1
2022063004,1.25
2022063005,1.27
2022063006,1.24
2022063007,1.25
2022063008,1.24
2022063009,1.21
2022063010,1.2
2022063011,1.25
2022063012,1.22
2022063013,1.21
2022063014,1.21
2022063015,1.21
2022063016,1.18
2022063017,1.16
2022063018,1.14
2022063019,1.12
2022063020,1.12
2022063021,1.11
2022063022,1.11
2022063023,1.11
2022063024,1.09
2022070101,1.08
2022070102,1.07
2022070103,1.07
2022070104,1.06
2022070105,1.05
2022070106,1.05
2022070107,1.03
2022070108,1.03
2022070109,1.02
2022070110,1.02
2022070111,1.01
2022070112,1.01
2022070113,1.0
2022070114,1.0
2022070115,0.99
2022070116,0.99
2022070117,0.98
2022070118,0.98
2022070119,0.97
2022070120,0.96
2022070121,0.96
2022070122,0.96
2022070123,0.95
2022070124,0.94
2022070201,0.94
2022070202,0.94
2022070203,0.93
2022070204,0.93
2022070205,0.92
2022070206,0.92
2022070207,0.92
2022070208,0.91
2022070209,0.91
2022070210,0.91
2022070211,0.9
2022070212,0.9
2022070213,0.9
2022070214,0.89
2022070215,0.89
2022070216,0.89
2022070217,0.88
2022070218,0.88
2022070219,0.87
2022070220,0.87
2022070221,0.87
2022070222,0.86
2022070223,0.86
2022070224,0.86
2022070301,0.85
2022070302,0.85
2022070303,0.85
2022070304,0.85
2022070305,0.84
2022070306,0.84
2022070307,0.84
2022070308,0.84
2022070309,0.84
2022070310,0.83
2022070311,0.83
2022070312,0.83
2022070313,0.83
2022070314,0.83
2022070315,0.82
2022070316,0.82
2022070317,0.82
2022070318,0.82
2022070319,0.81
2022070320,0.81
2022070321,0.81
2022070322,0.8
2022070323,0.8
2022070324,0.8
2022070401,0.8
2022070402,0.79
2022070403,0.79
2022070404,0.79
2022070405,0.79
2022070406,0.79
2022070407,0.79
2022070408,0.79
2022070409,0.79
2022070410,0.78
2022070411,0.78
2022070412,0.78
2022070413,0.78
2022070414,0.78
2022070415,0.78
2022070416,0.78
2022070417,0.78
2022070418,0.78
2022070419,0.78
2022070420,0.78
2022070421,0.78
2022070422,0.77
2022070423,0.77
2022070424,0.77
2022070501,0.77
2022070502,0.77
2022070503,0.77
2022070504,0.76
2022070505,0.76
2022070506,0.76
2022070507,0.76
2022070508,0.76
2022070509,0.76
2022070510,0.76
2022070511,0.76
2022070512,0.75
2022070513,0.75
2022070514,0.75
2022070515,0.75
2022070516,0.75
2022070517,0.75
2022070518,0.75
2022070519,0.75
2022070520,0.74
2022070521,0.74
2022070522,0.74
2022070523,0.74
2022070524,0.74
2022070601,0.74
2022070602,0.74
2022070603,0.96
2022070604,0.93
2022070605,0.91
2022070606,0.89
2022070607,0.87
2022070608,0.86
2022070609,0.85
2022070610,0.84
2022070611,0.83
2022070612,0.82
2022070613,0.82
2022070614,0.81
2022070615,0.81
2022070616,0.8
2022070617,0.8
2022070618,0.8
2022070619,0.79
2022070620,0.79
2022070621,0.79
2022070622,0.78
2022070623,0.78
2022070624,0.78
2022070701,0.78
2022070702,0.77
2022070703,0.77
2022070704,0.77
2022070705,0.77
2022070706,0.77
2022070707,0.77
2022070708,0.76
2022070709,0.76
2022070710,0.76
2022070711,0.76
2022070712,0.76
2022070713,0.76
2022070714,0.76
2022070715,0.76
2022070716,0.76
2022070717,0.75
2022070718,0.76
2022070719,0.75
2022070720,0.75
2022070721,0.75
2022070722,0.75
2022070723,0.75
2022070724,0.75
2022070801,0.75
2022070802,0.75
2022070803,0.75
2022070804,0.74
2022070805,0.75
2022070806,0.75
2022070807,0.75
2022070808,0.76
2022070809,0.77
2022070810,0.83
2022070811,0.89
2022070812,0.89
2022070813,0.88
2022070814,0.88
2022070815,0.87
2022070816,0.86
2022070817,0.85
2022070818,0.85
2022070819,0.84
2022070820,0.84
2022070821,0.83
2022070822,0.83
2022070823,0.83
2022070824,0.83
2022070901,0.82
2022070902,0.82
2022070903,0.82
2022070904,0.82
2022070905,0.82
2022070906,0.81
2022070907,0.81
2022070908,0.81
2022070909,0.8
2022070910,0.8
2022070911,0.8
2022070912,0.8
2022070913,0.8
2022070914,0.8
2022070915,0.8
2022070916,0.8
2022070917,0.79
2022070918,0.79
2022070919,0.79
2022070920,0.79
2022070921,0.78
2022070922,0.8
2022070923,0.78
2022070924,0.78
2022071001,0.78
2022071002,0.77
2022071003,0.77
2022071004,0.77
2022071005,0.77
2022071006,0.77
2022071007,0.77
2022071008,0.77
2022071009,0.76
2022071010,0.77
2022071011,0.76
2022071012,0.76
2022071013,0.76
2022071014,0.76
2022071015,0.76
2022071016,0.76
2022071017,0.76
2022071018,0.76
2022071019,0.76
2022071020,0.75
2022071021,0.75
2022071022,0.75
2022071023,0.75
2022071024,0.75
2022071101,0.75
2022071102,0.74
2022071103,0.74
2022071104,0.74
2022071105,0.75
2022071106,0.75
2022071107,0.76
2022071108,0.76
2022071109,0.76
2022071110,0.76
2022071111,0.76
2022071112,0.77
2022071113,0.78
2022071114,0.78
2022071115,0.78
2022071116,0.78
2022071117,0.78
2022071118,0.78
2022071119,0.79
2022071120,0.79
2022071121,0.78
2022071122,0.78
2022071123,0.78
2022071124,0.78
2022071201,0.78
2022071202,0.77
2022071203,0.78
2022071204,0.79
2022071205,0.77
2022071206,0.77
2022071207,0.77
2022071208,0.76
2022071209,0.76
2022071210,0.76
2022071211,0.76
2022071212,0.76
2022071213,0.76
2022071214,0.76
2022071215,0.69
2022071216,0.75
2022071217,0.75
2022071218,0.75
2022071219,0.75
2022071220,0.75
2022071221,0.75
2022071222,0.74
2022071223,0.74
2022071224,0.74
2022071301,0.74
2022071302,0.74
2022071303,0.74
2022071304,0.74
2022071305,0.74
2022071306,0.74
2022071307,0.74
2022071308,0.74
2022071309,0.74
2022071310,0.74
2022071311,0.74
2022071312,0.74
2022071313,0.74
2022071314,0.73
2022071315,0.73
2022071316,0.73
2022071317,0.73
2022071318,0.73
2022071319,0.73
2022071320,0.73
2022071321,0.73
2022071322,0.73
2022071323,0.73
2022071324,0.73
2022071401,0.73
2022071402,0.73
2022071403,0.73
2022071404,0.73
2022071405,0.74
2022071406,0.74
2022071407,0.75
2022071408,0.75
2022071409,0.75
2022071410,0.75
2022071411,0.76
2022071412,0.77
2022071413,0.77
2022071414,0.78
2022071415,0.79
2022071416,0.81
2022071417,0.81
2022071418,0.81
2022071419,0.81
2022071420,0.79
2022071421,0.79
2022071422,0.78
2022071423,0.78
2022071424,0.77
2022071501,0.77
2022071502,0.77
2022071503,0.76
2022071504,0.76
2022071505,0.76
2022071506,0.76
2022071507,0.76
2022071508,0.75
2022071509,0.75
2022071510,0.75
2022071511,0.75
2022071512,0.75
2022071513,0.75
2022071514,0.75
2022071515,0.75
2022071516,0.74
2022071517,0.74
2022071518,0.74
2022071519,0.74
2022071520,0.74
2022071521,0.74
2022071522,0.74
2022071523,0.74
2022071524,0.74
2022071601,0.73
2022071602,0.74
2022071603,0.73
2022071604,0.73
2022071605,0.73
2022071606,0.73
2022071607,0.73
2022071608,0.73
2022071609,0.73
2022071610,0.73
2022071611,0.72
2022071612,0.73
2022071613,0.73
2022071614,0.73
2022071615,0.72
2022071616,0.72
2022071617,0.72
2022071618,0.72
2022071619,0.72
2022071620,0.72
2022071621,0.72
2022071622,0.72
2022071623,0.72
2022071624,0.72
2022071701,0.71
2022071702,0.72
2022071703,0.71
2022071704,0.71
2022071705,0.71
2022071706,0.71
2022071707,0.71
2022071708,0.71
2022071709,0.71
2022071710,0.71
2022071711,0.71
2022071712,0.71
2022071713,0.71
2022071714,0.71
2022071715,0.71
2022071716,0.7
2022071717,0.71
2022071718,0.71
2022071719,0.7
2022071720,0.71
2022071721,0.71
2022071722,0.7
2022071723,0.7
2022071724,0.7
2022071801,0.7
2022071802,0.7
2022071803,0.7
2022071804,0.7
2022071805,0.73
2022071806,0.76
2022071807,0.78
2022071808,0.8
2022071809,0.83
2022071810,0.9
2022071811,0.97
2022071812,1.11
2022071813,1.44
2022071814,1.49
2022071815,1.78
2022071816,1.83
2022071817,1.83
2022071818,1.75
2022071819,1.79
2022071820,1.73
2022071821,1.65
2022071822,1.56
2022071823,1.57
2022071824,1.52
2022071901,1.48
2022071902,1.44
2022071903,1.43
2022071904,1.4
2022071905,1.41
2022071906,1.39
2022071907,1.34
2022071908,1.3
2022071909,1.32
2022071910,1.33
2022071911,1.3
2022071912,1.3
2022071913,1.26
2022071914,1.2
2022071915,1.17
2022071916,1.19
2022071917,1.19
2022071918,1.18
2022071919,1.17
2022071920,1.14
2022071921,1.11
2022071922,1.11
2022071923,1.11
2022071924,1.1
2022072001,1.11
2022072002,1.09
2022072003,1.09
2022072004,1.08
2022072005,1.08
2022072006,1.08
2022072007,1.07
2022072008,1.05
2022072009,1.05
2022072010,1.03
2022072011,1.03
2022072012,1.03
2022072013,1.02
2022072014,1.01
2022072015,1.01
2022072016,1.01
2022072017,1.0
2022072018,0.99
2022072019,0.99
2022072020,0.98
2022072021,0.98
2022072022,0.97
2022072023,0.97
2022072024,0.96
2022072101,0.96
2022072102,0.96
2022072103,0.96
2022072104,0.95
2022072105,0.96
2022072106,0.96
2022072107,0.96
2022072108,0.97
2022072109,0.96
2022072110,0.97
2022072111,0.97
2022072112,0.97
2022072113,0.98
2022072114,0.98
2022072115,0.97
2022072116,0.96
2022072117,0.96
2022072118,0.95
2022072119,0.95
2022072120,0.94
2022072121,0.94
2022072122,0.93
2022072123,0.93
2022072124,0.93
2022072201,0.92
2022072202,0.92
2022072203,0.92
2022072204,0.92
2022072205,0.91
2022072206,0.91
2022072207,0.91
2022072208,0.91
2022072209,0.9
2022072210,0.9
2022072211,0.9
2022072212,0.9
2022072213,0.89
2022072214,0.89
2022072215,0.89
2022072216,0.89
2022072217,0.88
2022072218,0.88
2022072219,0.88
2022072220,0.88
2022072221,0.87
2022072222,0.87
2022072223,0.87
2022072224,0.87
2022072301,0.86
2022072302,0.86
2022072303,0.86
2022072304,0.86
2022072305,0.86
2022072306,0.86
2022072307,0.86
2022072308,0.86
2022072309,0.85
2022072310,0.85
2022072311,0.85
2022072312,0.85
2022072313,0.85
2022072314,0.85
2022072315,0.85
2022072316,0.85
2022072317,0.84
2022072318,0.84
2022072319,0.84
2022072320,0.84
2022072321,0.85
2022072322,0.86
2022072323,0.86
2022072324,0.86
2022072401,0.87
2022072402,0.88
2022072403,0.91
2022072404,0.91
2022072405,0.93
2022072406,0.95
2022072407,0.97
2022072408,1.0
2022072409,1.04
2022072410,1.04
2022072411,1.02
2022072412,1.01
2022072413,1.0
2022072414,0.99
2022072415,0.99
2022072416,0.98
2022072417,0.97
2022072418,0.98
2022072419,0.97
2022072420,0.96
2022072421,0.96
2022072422,0.96
2022072423,0.96
2022072424,0.96
2022072501,0.96
2022072502,0.96
2022072503,0.95
2022072504,0.95
2022072505,0.95
2022072506,0.95
2022072507,0.95
2022072508,0.94
2022072509,0.94
2022072510,0.94
2022072511,0.94
2022072512,0.94
2022072513,0.94
2022072514,0.94
2022072515,0.93
2022072516,0.93
2022072517,0.93
2022072518,0.93
2022072519,0.92
2022072520,0.92
2022072521,0.92
2022072522,0.92
2022072523,0.91
2022072524,0.91
2022072601,0.91
2022072602,0.91
2022072603,0.9
2022072604,0.9
2022072605,0.9
2022072606,0.9
2022072607,0.9
2022072608,0.9
2022072609,0.89
2022072610,0.89
2022072611,0.89
2022072612,0.89
2022072613,0.89
2022072614,0.89
2022072615,0.89
2022072616,0.88
2022072617,0.88
2022072618,0.88
2022072619,0.87
2022072620,0.87
2022072621,0.87
2022072622,0.87
2022072623,0.86
2022072624,0.86
2022072701,0.86
2022072702,0.86
2022072703,0.86
2022072704,0.86
2022072705,0.85
2022072706,0.85
2022072707,0.85
2022072708,0.85
2022072709,0.85
2022072710,0.85
2022072711,0.85
2022072712,0.85
2022072713,0.84
2022072714,0.84
2022072715,0.84
2022072716,0.84
2022072717,0.83
2022072718,0.83
2022072719,0.83
2022072720,0.83
2022072721,0.83
2022072722,0.82
2022072723,0.82
2022072724,0.82
2022072801,0.82
2022072802,0.81
2022072803,0.81
2022072804,0.81
2022072805,0.81
2022072806,0.81
2022072807,0.81
2022072808,0.81
2022072809,0.81
2022072810,0.8
2022072811,0.8
2022072812,0.8
2022072813,0.8
2022072814,0.8
2022072815,0.8
2022072816,0.8
2022072817,0.8
2022072818,0.79
2022072819,0.82
2022072820,0.8
2022072821,0.79
2022072822,0.79
2022072823,0.78
2022072824,0.78
2022072901,0.78
2022072902,0.78
2022072903,0.78
2022072904,0.78
2022072905,0.78
2022072906,0.78
2022072907,0.78
2022072908,0.77
2022072909,0.7
2022072910,0.77
2022072911,0.77
2022072912,0.77
2022072913,0.77
2022072914,0.77
2022072915,0.77
2022072916,0.76
2022072917,0.77
2022072918,0.76
2022072919,0.77
2022072920,0.76
2022072921,0.76
2022072922,0.76
2022072923,0.75
2022072924,0.75
2022073001,0.75
2022073002,0.75
2022073003,0.75
2022073004,0.75
2022073005,0.75
2022073006,0.75
2022073007,0.75
2022073008,0.75
2022073009,0.75
2022073010,0.75
2022073011,0.74
2022073012,0.75
2022073013,0.74
2022073014,0.74
2022073015,0.74
2022073016,0.74
2022073017,0.74
2022073018,0.74
2022073019,0.74
2022073020,0.74
2022073021,0.74
2022073022,0.74
2022073023,0.74
2022073024,0.74
2022073101,0.74
2022073102,0.74
2022073103,0.74
2022073104,0.74
2022073105,0.74
2022073106,0.75
2022073107,0.75
2022073108,0.77
2022073109,0.78
2022073110,0.8
2022073111,0.83
2022073112,0.88
2022073113,1.12
2022073114,1.55
2022073115,1.6
2022073116,1.72
2022073117,1.68
2022073118,1.74
2022073119,1.78
2022073120,1.77
2022073121,1.76
2022073122,1.74
2022073123,1.74
2022073124,1.83
2022080101,1.77
2022080102,1.78
2022080103,1.81
2022080104,1.94
2022080105,1.96
2022080106,1.96
2022080107,1.98
2022080108,1.95
2022080109,1.96
2022080110,1.96
2022080111,1.95
2022080112,1.94
2022080113,1.9
2022080114,1.87
2022080115,1.83
2022080116,1.85
2022080117,1.94
2022080118,1.95
2022080119,1.94
2022080120,1.94
2022080121,1.94
2022080122,1.94
2022080123,1.93
2022080124,1.94
2022080201,2.03
2022080202,2.0
2022080203,1.95
2022080204,1.95
2022080205,1.94
2022080206,1.87
2022080207,1.78
2022080208,1.72
2022080209,1.71
2022080210,1.93
2022080211,2.18
2022080212,2.01
2022080213,1.93
2022080214,1.83
2022080215,1.75
2022080216,1.72
2022080217,1.75
2022080218,1.65
2022080219,1.62
2022080220,1.55
2022080221,1.56
2022080222,1.56
2022080223,1.53
2022080224,1.5
2022080301,1.47
2022080302,1.41
2022080303,1.43
2022080304,1.4
2022080305,1.39
2022080306,1.38
2022080307,1.31
2022080308,1.3
2022080309,1.34
2022080310,1.34
2022080311,1.36
2022080312,1.32
2022080313,1.3
2022080314,1.3
2022080315,1.27
2022080316,1.27
2022080317,1.27
2022080318,1.27
2022080319,1.27
2022080320,1.29
2022080321,1.26
2022080322,1.22
2022080323,1.2
2022080324,1.19
2022080401,1.18
2022080402,1.18
2022080403,1.18
2022080404,1.17
2022080405,1.17
2022080406,1.17
2022080407,1.17
2022080408,1.17
2022080409,1.16
2022080410,1.16
2022080411,1.15
2022080412,1.14
2022080413,1.14
2022080414,1.13
2022080415,1.13
2022080416,1.12
2022080417,1.1
2022080418,1.11
2022080419,1.11
2022080420,1.11
2022080421,1.1
2022080422,1.1
2022080423,1.1
2022080424,1.09
2022080501,1.09
2022080502,1.08
2022080503,1.08
2022080504,1.07
2022080505,1.07
2022080506,1.06
2022080507,1.06
2022080508,1.05
2022080509,1.05
2022080510,1.04
2022080511,1.04
2022080512,1.04
2022080513,1.04
2022080514,1.04
2022080515,1.03
2022080516,1.03
2022080517,1.03
2022080518,1.03
2022080519,1.02
2022080520,1.02
2022080521,1.01
2022080522,1.01
2022080523,1.01
2022080524,1.0
2022080601,1.0
2022080602,1.0
2022080603,0.99
2022080604,0.99
2022080605,0.99
2022080606,0.98
2022080607,0.98
2022080608,0.98
2022080609,0.98
2022080610,0.97
2022080611,0.97
2022080612,0.97
2022080613,0.96
2022080614,0.97
2022080615,0.96
2022080616,0.96
2022080617,0.96
2022080618,0.95
2022080619,0.95
2022080620,0.94
2022080621,0.94
2022080622,0.94
2022080623,0.93
2022080624,0.93
2022080701,0.92
2022080702,0.92
2022080703,0.93
2022080704,0.92
2022080705,0.92
2022080706,0.92
2022080707,0.92
2022080708,0.92
2022080709,0.91
2022080710,0.91
2022080711,0.91
2022080712,0.91
2022080713,0.91
2022080714,0.91
2022080715,0.91
2022080716,0.9
2022080717,0.9
2022080718,0.9
2022080719,0.89
2022080720,0.89
2022080721,0.89
2022080722,0.89
2022080723,0.89
2022080724,0.89
2022080801,0.89
2022080802,0.88
2022080803,0.88
2022080804,0.88
2022080805,0.88
2022080806,0.88
2022080807,0.87
2022080808,0.87
2022080809,0.87
2022080810,0.87
2022080811,0.87
2022080812,0.87
2022080813,0.87
2022080814,0.87
2022080815,0.86
2022080816,0.87
2022080817,0.86
2022080818,0.86
2022080819,0.86
2022080820,0.85
2022080821,0.85
2022080822,0.85
2022080823,0.85
2022080824,0.85
2022080901,0.84
2022080902,0.85
2022080903,0.84
2022080904,0.84
2022080905,0.84
2022080906,0.84
2022080907,0.84
2022080908,0.84
2022080909,0.84
2022080910,0.83
2022080911,0.83
2022080912,0.83
2022080913,0.83
2022080914,0.83
2022080915,0.82
2022080916,0.83
2022080917,0.83
2022080918,0.82
2022080919,0.82
2022080920,0.82
2022080921,0.82
2022080922,0.82
2022080923,0.82
2022080924,0.81
2022081001,0.81
2022081002,0.81
2022081003,0.81
2022081004,0.81
2022081005,0.81
2022081006,0.81
2022081007,0.81
2022081008,0.81
2022081009,0.8
2022081010,0.81
2022081011,0.8
2022081012,0.8
2022081013,0.8
2022081014,0.8
2022081015,0.8
2022081016,0.8
2022081017,0.8
2022081018,0.8
2022081019,0.8
2022081020,0.79
2022081021,0.79
2022081022,0.79
2022081023,0.79
2022081024,0.79
2022081101,0.79
2022081102,0.79
2022081103,0.78
2022081104,0.78
2022081105,0.79
2022081106,0.78
2022081107,0.78
2022081108,0.78
2022081109,0.78
2022081110,0.78
2022081111,0.78
2022081112,0.78
2022081113,0.78
2022081114,0.78
2022081115,0.78
2022081116,0.79
2022081117,0.79
2022081118,0.79
2022081119,0.79
2022081120,0.8
2022081121,0.8
2022081122,0.81
2022081123,0.81
2022081124,0.81
2022081201,0.81
2022081202,0.81
2022081203,0.81
2022081204,0.81
2022081205,0.81
2022081206,0.81
2022081207,0.81
2022081208,0.8
2022081209,0.8
2022081210,0.8
2022081211,0.8
2022081212,0.8
2022081213,0.8
2022081214,0.8
2022081215,0.8
2022081216,0.8
2022081217,0.8
2022081218,0.79
2022081219,0.79
2022081220,0.79
2022081221,0.79
2022081222,0.79
2022081223,0.78
2022081224,0.79
2022081301,0.78
2022081302,0.78
2022081303,0.78
2022081304,0.78
2022081305,0.77
2022081306,0.77
2022081307,0.77
2022081308,0.77
2022081309,0.77
2022081310,0.77
2022081311,0.77
2022081312,0.77
2022081313,0.77
2022081314,0.77
2022081315,0.76
2022081316,0.76
2022081317,0.76
2022081318,0.76
2022081319,0.76
2022081320,0.76
2022081321,0.76
2022081322,0.76
2022081323,0.76
2022081324,0.76
2022081401,0.75
2022081402,0.76
2022081403,0.76
2022081404,0.76
2022081405,0.76
2022081406,0.76
2022081407,0.77
2022081408,0.77
2022081409,0.76
2022081410,0.76
2022081411,0.76
2022081412,0.77
2022081413,0.77
2022081414,0.76
2022081415,0.77
2022081416,0.76
2022081417,0.76
2022081418,0.76
2022081419,0.75
2022081420,0.76
2022081421,0.75
2022081422,0.75
2022081423,0.75
2022081424,0.75
2022081501,0.75
2022081502,0.75
2022081503,0.75
2022081504,0.75
2022081505,0.74
2022081506,0.75
2022081507,0.75
2022081508,0.74
2022081509,0.74
2022081510,0.74
2022081511,0.74
2022081512,0.74
2022081513,0.74
2022081514,0.74
2022081515,0.74
2022081516,0.74
2022081517,0.74
2022081518,0.74
2022081519,0.74
2022081520,0.74
2022081521,0.74
2022081522,0.74
2022081523,0.74
2022081524,0.74
2022081601,0.74
2022081602,0.74
2022081603,0.74
2022081604,0.74
2022081605,0.74
2022081606,0.73
2022081607,0.73
2022081608,0.79
2022081609,0.86
2022081610,0.86
2022081611,0.87
2022081612,0.9
2022081613,0.92
2022081614,0.92
2022081615,0.93
2022081616,0.95
2022081617,0.94
2022081618,0.93
2022081619,0.92
2022081620,0.91
2022081621,0.9
2022081622,0.9
2022081623,0.9
2022081624,0.89
2022081701,0.89
2022081702,0.89
2022081703,0.89
2022081704,0.88
2022081705,0.88
2022081706,0.88
2022081707,0.88
2022081708,0.87
2022081709,0.88
2022081710,0.88
2022081711,0.87
2022081712,0.87
2022081713,0.87
2022081714,0.87
2022081715,0.87
2022081716,0.87
2022081717,0.86
2022081718,0.86
2022081719,0.86
2022081720,0.86
2022081721,0.86
2022081722,0.85
2022081723,0.86
2022081724,0.85
2022081801,0.85
2022081802,0.85
2022081803,0.85
2022081804,0.85
2022081805,0.85
2022081806,0.85
2022081807,0.85
2022081808,0.84
2022081809,0.84
2022081810,0.84
2022081811,0.84
2022081812,0.84
2022081813,0.84
2022081814,0.84
2022081815,0.83
2022081816,0.83
2022081817,0.83
2022081818,0.83
2022081819,0.82
2022081820,0.82
2022081821,0.82
2022081822,0.82
2022081823,0.82
2022081824,0.82
2022081901,0.81
2022081902,0.81
2022081903,0.81
2022081904,0.81
2022081905,0.81
2022081906,0.81
2022081907,0.81
2022081908,0.81
2022081909,0.8
2022081910,0.81
2022081911,0.8
2022081912,0.81
2022081913,0.8
2022081914,0.8
2022081915,0.8
2022081916,0.8
2022081917,0.8
2022081918,0.8
2022081919,0.8
2022081920,0.8
2022081921,0.8
2022081922,0.79
2022081923,0.8
2022081924,0.79
2022082001,0.79
2022082002,0.79
2022082003,0.79
2022082004,0.79
2022082005,0.78
2022082006,0.78
2022082007,0.79
2022082008,0.79
2022082009,0.78
2022082010,0.79
2022082011,0.79
2022082012,0.82
2022082013,0.84
2022082014,0.85
2022082015,0.88
2022082016,0.93
2022082017,0.94
2022082018,0.96
2022082019,0.99
2022082020,0.98
2022082021,0.97
2022082022,0.96
2022082023,0.94
2022082024,0.93
2022082101,0.93
2022082102,0.92
2022082103,0.92
2022082104,0.91
2022082105,0.91
2022082106,0.9
2022082107,0.9
2022082108,0.9
2022082109,0.9
2022082110,0.9
2022082111,0.89
2022082112,0.89
2022082113,0.89
2022082114,0.89
2022082115,0.89
2022082116,0.88
2022082117,0.88
2022082118,0.88
2022082119,0.88
2022082120,0.88
2022082121,0.88
2022082122,0.87
2022082123,0.87
2022082124,0.87
2022082201,0.87
2022082202,0.87
2022082203,0.87
2022082204,0.87
2022082205,0.86
2022082206,0.86
2022082207,0.86
2022082208,0.86
2022082209,0.86
2022082210,0.86
2022082211,0.86
2022082212,0.86
2022082213,0.86
2022082214,0.86
2022082215,0.85
2022082216,0.85
2022082217,0.85
2022082218,0.85
2022082219,0.85
2022082220,0.85
2022082221,0.84
2022082222,0.84
2022082223,0.84
2022082224,0.84
2022082301,0.83
2022082302,0.83
2022082303,0.83
2022082304,0.83
2022082305,0.83
2022082306,0.83
2022082307,0.83
2022082308,0.83
2022082309,0.83
2022082310,0.82
2022082311,0.82
2022082312,0.83
2022082313,0.82
2022082314,0.82
2022082315,0.82
2022082316,0.82
2022082317,0.82
2022082318,0.82
2022082319,0.82
2022082320,0.82
2022082321,0.83
2022082322,0.9
2022082323,0.89
2022082324,0.89
2022082401,0.92
2022082402,0.94
2022082403,0.94
2022082404,0.93
2022082405,0.95
2022082406,0.95
2022082407,0.99
2022082408,1.03
2022082409,1.03
2022082410,1.06
2022082411,1.09
2022082412,1.11
2022082413,1.11
2022082414,1.11
2022082415,1.1
2022082416,1.11
2022082417,1.1
2022082418,1.09
2022082419,1.1
2022082420,1.1
2022082421,1.09
2022082422,1.08
2022082423,1.08
2022082424,1.08
2022082501,1.08
2022082502,1.07
2022082503,1.06
2022082504,1.04
2022082505,1.05
2022082506,1.04
2022082507,1.04
2022082508,1.03
2022082509,1.03
2022082510,1.03
2022082511,1.02
2022082512,1.02
2022082513,1.01
2022082514,1.01
2022082515,1.0
2022082516,0.99
2022082517,0.99
2022082518,0.99
2022082519,0.98
2022082520,0.98
2022082521,0.97
2022082522,0.97
2022082523,0.97
2022082524,0.96
2022082601,0.96
2022082602,0.96
2022082603,0.96
2022082604,0.95
2022082605,0.96
2022082606,0.95
2022082607,0.95
2022082608,0.94
2022082609,0.94
2022082610,0.94
2022082611,0.94
2022082612,0.93
2022082613,0.93
2022082614,0.93
2022082615,0.93
2022082616,0.92
2022082617,0.92
2022082618,0.91
2022082619,0.91
2022082620,0.91
2022082621,0.9
2022082622,0.9
2022082623,0.9
2022082624,0.9
2022082701,0.89
2022082702,0.89
2022082703,0.89
2022082704,0.89
2022082705,0.89
2022082706,0.89
2022082707,0.88
2022082708,0.88
2022082709,0.88
2022082710,0.88
2022082711,0.88
2022082712,0.88
2022082713,0.88
2022082714,0.87
2022082715,0.87
2022082716,0.87
2022082717,0.87
2022082718,0.87
2022082719,0.86
2022082720,0.86
2022082721,0.86
2022082722,0.85
2022082723,0.85
2022082724,0.85
2022082801,0.85
2022082802,0.84
2022082803,0.84
2022082804,0.84
2022082805,0.84
2022082806,0.84
2022082807,0.83
2022082808,0.84
2022082809,0.83
2022082810,0.83
2022082811,0.83
2022082812,0.83
2022082813,0.83
2022082814,0.83
2022082815,0.82
2022082816,0.82
2022082817,0.82
2022082818,0.82
2022082819,0.82
2022082820,0.81
2022082821,0.81
2022082822,0.81
2022082823,0.81
2022082824,0.81
2022082901,0.8
2022082902,0.8
2022082903,0.8
2022082904,0.8
2022082905,0.8
2022082906,0.79
2022082907,0.79
2022082908,0.79
2022082909,0.79
2022082910,0.79
2022082911,0.79
2022082912,0.79
2022082913,0.79
2022082914,0.79
2022082915,0.79
2022082916,0.79
2022082917,0.78
2022082918,0.78
2022082919,0.78
2022082920,0.78
2022082921,0.78
2022082922,0.78
2022082923,0.78
2022082924,0.78
2022083001,0.78
2022083002,0.78
2022083003,0.77
2022083004,0.77
2022083005,0.77
2022083006,0.77
2022083007,0.77
2022083008,0.77
2022083009,0.77
2022083010,0.77
2022083011,0.77
2022083012,0.77
2022083013,0.77
2022083014,0.77
2022083015,0.77
2022083016,0.78
2022083017,0.78
2022083018,0.79
2022083019,0.78
2022083020,0.79
2022083021,0.78
2022083022,0.78
2022083023,0.78
2022083024,0.78
2022083101,0.78
2022083102,0.78
2022083103,0.78
2022083104,0.78
2022083105,0.78
2022083106,0.78
2022083107,0.78
2022083108,0.78
2022083109,0.78
2022083110,0.78
2022083111,0.78
2022083112,0.78
2022083113,0.78
2022083114,0.78
2022083115,0.78
2022083116,0.78
2022083117,0.78
2022083118,0.78
2022083119,0.78
2022083120,0.77
2022083121,0.78
2022083122,0.77
2022083123,0.77
2022083124,0.77
2022090101,0.77
2022090102,0.76
2022090103,0.77
2022090104,0.76
2022090105,0.76
2022090106,0.76
2022090107,0.76
2022090108,0.76
2022090109,0.76
2022090110,0.69
2022090111,0.75
2022090112,0.76
2022090113,0.75
2022090114,0.75
2022090115,0.75
2022090116,0.75
2022090117,0.75
2022090118,0.75
2022090119,0.75
2022090120,0.75
2022090121,0.75
2022090122,0.75
2022090123,0.75
2022090124,0.75
2022090201,0.74
2022090202,0.74
2022090203,0.74
2022090204,0.74
2022090205,0.74
2022090206,0.74
2022090207,0.74
2022090208,0.74
2022090209,0.74
2022090210,0.74
2022090211,0.74
2022090212,0.74
2022090213,0.74
2022090214,0.75
2022090215,0.74
2022090216,0.74
2022090217,0.74
2022090218,0.74
2022090219,0.74
2022090220,0.74
2022090221,0.74
2022090222,0.73
2022090223,0.73
2022090224,0.73
2022090301,0.73
2022090302,0.73
2022090303,0.73
2022090304,0.73
2022090305,0.73
2022090306,0.73
2022090307,0.73
2022090308,0.73
2022090309,0.73
2022090310,0.73
2022090311,0.73
2022090312,0.73
2022090313,0.73
2022090314,0.73
2022090315,0.73
2022090316,0.73
2022090317,0.73
2022090318,0.73
2022090319,0.73
2022090320,0.73
2022090321,0.73
2022090322,0.73
2022090323,0.73
2022090324,0.73
2022090401,0.73
2022090402,0.73
2022090403,0.73
2022090404,0.73
2022090405,0.73
2022090406,0.74
2022090407,0.74
2022090408,0.74
2022090409,0.74
2022090410,0.75
2022090411,0.76
2022090412,0.76
2022090413,0.76
2022090414,0.76
2022090415,0.76
2022090416,0.76
2022090417,0.77
2022090418,0.76
2022090419,0.76
2022090420,0.76
2022090421,0.76
2022090422,0.76
2022090423,0.75
2022090424,0.75
2022090501,0.75
2022090502,0.75
2022090503,0.75
2022090504,0.75
2022090505,0.75
2022090506,0.75
2022090507,0.75
2022090508,0.75
2022090509,0.75
2022090510,0.75
2022090511,0.75
2022090512,0.75
2022090513,0.75
2022090514,0.75
2022090515,0.76
2022090516,0.77
2022090517,0.79
2022090518,0.8
2022090519,0.82
2022090520,0.87
2022090521,1.2
2022090522,1.77
2022090523,2.31
2022090524,2.48
2022090601,2.56
2022090602,2.64
2022090603,2.82
2022090604,2.85
2022090605,2.76
2022090606,2.58
2022090607,2.3
2022090608,2.15
2022090609,1.99
2022090610,1.92
2022090611,1.84
2022090612,1.76
2022090613,1.72
2022090614,1.64
2022090615,1.6
2022090616,1.56
2022090617,1.54
2022090618,1.51
2022090619,1.45
2022090620,1.43
2022090621,1.43
2022090622,1.42
2022090623,1.36
2022090624,1.32
2022090701,1.29
2022090702,1.31
2022090703,1.3
2022090704,1.28
2022090705,1.25
2022090706,1.25
2022090707,1.22
2022090708,1.19
2022090709,1.19
2022090710,1.2
2022090711,1.19
2022090712,1.16
2022090713,1.14
2022090714,1.14
2022090715,1.12
2022090716,1.12
2022090717,1.12
2022090718,1.1
2022090719,1.09
2022090720,1.09
2022090721,1.1
2022090722,1.1
2022090723,1.1
2022090724,1.08
2022090801,1.08
2022090802,1.08
2022090803,1.08
2022090804,1.08
2022090805,1.06
2022090806,1.06
2022090807,1.06
2022090808,1.05
2022090809,1.04
2022090810,1.04
2022090811,1.03
2022090812,1.02
2022090813,1.02
2022090814,1.01
2022090815,1.0
2022090816,1.0
2022090817,1.0
2022090818,0.98
2022090819,0.98
2022090820,0.97
2022090821,0.97
2022090822,0.96
2022090823,0.96
2022090824,0.96
2022090901,0.96
2022090902,0.95
2022090903,0.95
2022090904,0.95
2022090905,0.95
2022090906,0.94
2022090907,0.94
2022090908,0.93
2022090909,0.93
2022090910,0.94
2022090911,0.93
2022090912,0.93
2022090913,0.93
2022090914,0.93
2022090915,0.92
2022090916,0.92
2022090917,0.92
2022090918,0.91
2022090919,0.91
2022090920,0.91
2022090921,0.9
2022090922,0.9
2022090923,0.9
2022090924,0.9
2022091001,0.89
2022091002,0.89
2022091003,0.89
2022091004,0.89
2022091005,0.89
2022091006,0.89
2022091007,0.88
2022091008,0.88
2022091009,0.88
2022091010,0.88
2022091011,0.88
2022091012,0.87
2022091013,0.87
2022091014,0.87
2022091015,0.87
2022091016,0.87
2022091017,0.87
2022091018,0.86
2022091019,0.86
2022091020,0.86
2022091021,0.86
2022091022,0.86
2022091023,0.86
2022091024,0.86
2022091101,0.85
2022091102,0.85
2022091103,0.85
2022091104,0.85
2022091105,0.85
2022091106,0.85
2022091107,0.84
2022091108,0.85
2022091109,0.84
2022091110,0.84
2022091111,0.84
2022091112,0.84
2022091113,0.84
2022091114,0.84
2022091115,0.84
2022091116,0.83
2022091117,0.83
2022091118,0.83
2022091119,0.83
2022091120,0.82
2022091121,0.82
2022091122,0.82
2022091123,0.82
2022091124,0.82
2022091201,0.82
2022091202,0.82
2022091203,0.82
2022091204,0.82
2022091205,0.82
2022091206,0.82
2022091207,0.81
2022091208,0.81
2022091209,0.81
2022091210,0.81
2022091211,0.81
2022091212,0.81
2022091213,0.81
2022091214,0.81
2022091215,0.81
2022091216,0.81
2022091217,0.81
2022091218,0.81
2022091219,0.81
2022091220,0.81
2022091221,0.8
2022091222,0.8
2022091223,0.8
2022091224,0.8
2022091301,0.8
2022091302,0.8
2022091303,0.8
2022091304,0.8
2022091305,0.8
2022091306,0.79
2022091307,0.79
2022091308,0.79
2022091309,0.79
2022091310,0.79
2022091311,0.79
2022091312,0.79
2022091313,0.79
2022091314,0.79
2022091315,0.78
2022091316,0.78
2022091317,0.78
2022091318,0.78
2022091319,0.78
2022091320,0.78
2022091321,0.78
2022091322,0.78
2022091323,0.78
2022091324,0.77
2022091401,0.77
2022091402,0.77
2022091403,0.77
2022091404,0.77
2022091405,0.77
2022091406,0.77
2022091407,0.77
2022091408,0.77
2022091409,0.77
2022091410,0.77
2022091411,0.77
2022091412,0.77
2022091413,0.76
2022091414,0.76
2022091415,0.76
2022091416,0.76
2022091417,0.76
2022091418,0.76
2022091419,0.76
2022091420,0.76
2022091421,0.76
2022091422,0.76
2022091423,0.76
2022091424,0.75
2022091501,0.75
2022091502,0.75
2022091503,0.75
2022091504,0.75
2022091505,0.75
2022091506,0.75
2022091507,0.75
2022091508,0.75
2022091509,0.75
2022091510,0.75
2022091511,0.75
2022091512,0.75
2022091513,0.75
2022091514,0.75
2022091515,0.75
2022091516,0.75
2022091517,0.75
2022091518,0.75
2022091519,0.75
2022091520,0.75
2022091521,0.75
2022091522,0.74
2022091523,0.74
2022091524,0.74
2022091601,0.74
2022091602,0.74
2022091603,0.74
2022091604,0.75
2022091605,0.74
2022091606,0.74
2022091607,0.74
2022091608,0.74
2022091609,0.74
2022091610,0.74
2022091611,0.74
2022091612,0.74
2022091613,0.74
2022091614,0.74
2022091615,0.74
2022091616,0.74
2022091617,0.74
2022091618,0.74
2022091619,0.74
2022091620,0.74
2022091621,0.74
2022091622,0.74
2022091623,0.74
2022091624,0.74
2022091701,0.74
2022091702,0.74
2022091703,0.74
2022091704,0.73
2022091705,0.74
2022091706,0.73
2022091707,0.73
2022091708,0.73
2022091709,0.73
2022091710,0.73
2022091711,0.73
2022091712,0.73
2022091713,0.73
2022091714,0.73
2022091715,0.73
2022091716,0.73
2022091717,0.73
2022091718,0.73
2022091719,0.73
2022091720,0.73
2022091721,0.73
2022091722,0.73
2022091723,0.73
2022091724,0.73
2022091801,0.72
2022091802,0.72
2022091803,0.72
2022091804,0.72
2022091805,0.72
2022091806,0.72
2022091807,0.72
2022091808,0.72
2022091809,0.72
2022091810,0.72
2022091811,0.72
2022091812,0.72
2022091813,0.72
2022091814,0.72
2022091815,0.72
2022091816,0.72
2022091817,0.72
2022091818,0.72
2022091819,0.72
2022091820,0.72
2022091821,0.72
2022091822,0.72
2022091823,0.72
2022091824,0.71
2022091901,0.71
2022091902,0.72
2022091903,0.71
2022091904,0.71
2022091905,0.71
2022091906,0.71
2022091907,0.71
2022091908,0.71
2022091909,0.71
2022091910,0.71
2022091911,0.71
2022091912,0.71
2022091913,0.71
2022091914,0.71
2022091915,0.71
2022091916,0.71
2022091917,0.71
2022091918,0.71
2022091919,0.71
2022091920,0.71
2022091921,0.71
2022091922,0.71
2022091923,0.71
2022091924,0.71
2022092001,0.71
2022092002,0.71
2022092003,0.71
2022092004,0.7
2022092005,0.7
2022092006,0.7
2022092007,0.7
2022092008,0.7
2022092009,0.7
2022092010,0.7
2022092011,0.7
2022092012,0.7
2022092013,0.7
2022092014,0.7
2022092015,0.7
2022092016,0.7
2022092017,0.7
2022092018,0.7
2022092019,0.7
2022092020,0.7
2022092021,0.7
2022092022,0.7
2022092023,0.7
2022092024,0.7
2022092101,0.69
2022092102,0.7
2022092103,0.7
2022092104,0.7
2022092105,0.69
2022092106,0.69
2022092107,0.69
2022092108,0.69
2022092109,0.69
2022092110,0.69
2022092111,0.69
2022092112,0.69
2022092113,0.69
2022092114,0.69
2022092115,0.69
2022092116,0.69
2022092117,0.69
2022092118,0.69
2022092119,0.64
2022092120,0.68
2022092121,0.69
2022092122,0.7
2022092123,0.69
2022092124,0.69
2022092201,0.69
2022092202,0.69
2022092203,0.69
2022092204,0.69
2022092205,0.69
2022092206,0.69
2022092207,0.69
2022092208,0.69
2022092209,0.69
2022092210,0.69
2022092211,0.68
2022092212,0.68
2022092213,0.68
2022092214,0.69
2022092215,0.68
2022092216,0.69
2022092217,0.69
2022092218,0.69
2022092219,0.69
2022092220,0.69
2022092221,0.69
2022092222,0.69
2022092223,0.69
2022092224,0.68
2022092301,0.68
2022092302,0.69
2022092303,0.68
2022092304,0.68
2022092305,0.68
2022092306,0.68
2022092307,0.68
2022092308,0.68
2022092309,0.68
2022092310,0.68
2022092311,0.68
2022092312,0.68
2022092313,0.68
2022092314,0.68
2022092315,0.68
2022092316,0.68
2022092317,0.68
2022092318,0.68
2022092319,0.68
2022092320,0.68
2022092321,0.68
2022092322,0.68
2022092323,0.68
2022092324,0.68
2022092401,0.68
2022092402,0.68
2022092403,0.68
2022092404,0.68
2022092405,0.68
2022092406,0.68
2022092407,0.68
2022092408,0.68
2022092409,0.67
2022092410,0.67
2022092411,0.67
2022092412,0.67
2022092413,0.68
2022092414,0.67
2022092415,0.67
2022092416,0.67
2022092417,0.68
2022092418,0.67
2022092419,0.67
2022092420,0.67
2022092421,0.67
2022092422,0.67
2022092423,0.67
2022092424,0.67
2022092501,0.67
2022092502,0.67
2022092503,0.67
2022092504,0.67
2022092505,0.67
2022092506,0.67
2022092507,0.67
2022092508,0.67
2022092509,0.67
2022092510,0.67
2022092511,0.67
2022092512,0.67
2022092513,0.67
2022092514,0.67
2022092515,0.67
2022092516,0.67
2022092517,0.67
2022092518,0.67
2022092519,0.67
2022092520,0.67
2022092521,0.67
2022092522,0.67
2022092523,0.67
2022092524,0.67
2022092601,0.67
2022092602,0.67
2022092603,0.67
2022092604,0.66
2022092605,0.66
2022092606,0.66
2022092607,0.66
2022092608,0.66
2022092609,0.67
2022092610,0.66
2022092611,0.66
2022092612,0.67
2022092613,0.66
2022092614,0.66
2022092615,0.67
2022092616,0.67
2022092617,0.67
2022092618,0.67
2022092619,0.66
2022092620,0.67
2022092621,0.66
2022092622,0.66
2022092623,0.66
2022092624,0.67
2022092701,0.66
2022092702,0.66
2022092703,0.66
2022092704,0.66
2022092705,0.66
2022092706,0.66
2022092707,0.66
2022092708,0.66
2022092709,0.66
2022092710,0.66
2022092711,0.66
2022092712,0.66
2022092713,0.66
2022092714,0.66
2022092715,0.66
2022092716,0.66
2022092717,0.66
2022092718,0.66
2022092719,0.66
2022092720,0.66
2022092721,0.66
2022092722,0.66
2022092723,0.66
2022092724,0.66
2022092801,0.66
2022092802,0.66
2022092803,0.65
2022092804,0.65
2022092805,0.66
2022092806,0.65
2022092807,0.65
2022092808,0.65
2022092809,0.65
2022092810,0.65
2022092811,0.65
2022092812,0.65
2022092813,0.65
2022092814,0.65
2022092815,0.66
2022092816,0.65
2022092817,0.65
2022092818,0.65
2022092819,0.65
2022092820,0.65
2022092821,0.65
2022092822,0.65
2022092823,0.66
2022092824,0.65
2022092901,0.65
2022092902,0.65
2022092903,0.65
2022092904,0.65
2022092905,0.65
2022092906,0.65
2022092907,0.65
2022092908,0.65
2022092909,0.65
2022092910,0.65
2022092911,0.65
2022092912,0.65
2022092913,0.65
2022092914,0.65
2022092915,0.65
2022092916,0.65
2022092917,0.65
2022092918,0.65
2022092919,0.65
2022092920,0.65
2022092921,0.65
2022092922,0.65
2022092923,0.65
2022092924,0.65
2022093001,0.65
2022093002,0.65
2022093003,0.65
2022093004,0.65
2022093005,0.65
2022093006,0.65
2022093007,0.65
2022093008,0.65
2022093009,0.64
2022093010,0.65
2022093011,0.65
2022093012,0.65
2022093013,0.64
2022093014,0.65
2022093015,0.65
2022093016,0.65
2022093017,0.65
2022093018,0.65
2022093019,0.65
2022093020,0.65
2022093021,0.65
2022093022,0.65
2022093023,0.65
2022093024,0.64
