일시,수위
0,2022-08-01 01:00,1.77
1,2022-08-01 02:00,1.78
2,2022-08-01 03:00,1.81
3,2022-08-01 04:00,1.94
4,2022-08-01 05:00,1.96
5,2022-08-01 06:00,1.96
6,2022-08-01 07:00,1.98
7,2022-08-01 08:00,1.95
8,2022-08-01 09:00,1.96
9,2022-08-01 10:00,1.77
10,2022-08-01 11:00,1.95
11,2022-08-01 12:00,1.94
12,2022-08-01 13:00,1.9
13,2022-08-01 14:00,1.87
14,2022-08-01 15:00,1.83
15,2022-08-01 16:00,1.85
16,2022-08-01 17:00,1.94
17,2022-08-01 18:00,1.95
18,2022-08-01 19:00,1.94
19,2022-08-01 20:00,1.94
20,2022-08-01 21:00,1.94
21,2022-08-01 22:00,1.94
22,2022-08-01 23:00,1.93
23,2022-08-02 00:00,1.94
24,2022-08-02 01:00,2.03
25,2022-08-02 02:00,2.0
26,2022-08-02 03:00,1.95
27,2022-08-02 04:00,1.95
28,2022-08-02 05:00,1.94
29,2022-08-02 06:00,1.87
30,2022-08-02 07:00,1.78
31,2022-08-02 08:00,1.72
32,2022-08-02 09:00,1.71
33,2022-08-02 10:00,2.03
34,2022-08-02 11:00,2.18
35,2022-08-02 12:00,2.01
36,2022-08-02 13:00,1.93
37,2022-08-02 14:00,1.83
38,2022-08-02 15:00,1.75
39,2022-08-02 16:00,1.72
40,2022-08-02 17:00,1.75
41,2022-08-02 18:00,1.65
42,2022-08-02 19:00,1.62
43,2022-08-02 20:00,1.55
44,2022-08-02 21:00,1.56
45,2022-08-02 22:00,1.56
46,2022-08-02 23:00,1.53
47,2022-08-03 00:00,1.5
48,2022-08-03 01:00,1.47
49,2022-08-03 02:00,1.41
50,2022-08-03 03:00,1.43
51,2022-08-03 04:00,1.4
52,2022-08-03 05:00,1.39
53,2022-08-03 06:00,1.38
54,2022-08-03 07:00,1.31
55,2022-08-03 08:00,1.3
56,2022-08-03 09:00,1.34
57,2022-08-03 10:00,1.47
58,2022-08-03 11:00,1.36
59,2022-08-03 12:00,1.32
60,2022-08-03 13:00,1.3
61,2022-08-03 14:00,1.3
62,2022-08-03 15:00,1.27
63,2022-08-03 16:00,1.27
64,2022-08-03 17:00,1.27
65,2022-08-03 18:00,1.27
66,2022-08-03 19:00,1.27
67,2022-08-03 20:00,1.29
68,2022-08-03 21:00,1.26
69,2022-08-03 22:00,1.22
70,2022-08-03 23:00,1.2
71,2022-08-04 00:00,1.19
72,2022-08-04 01:00,1.18
73,2022-08-04 02:00,1.18
74,2022-08-04 03:00,1.18
75,2022-08-04 04:00,1.17
76,2022-08-04 05:00,1.17
77,2022-08-04 06:00,1.17
78,2022-08-04 07:00,1.17
79,2022-08-04 08:00,1.17
80,2022-08-04 09:00,1.16
81,2022-08-04 10:00,1.18
82,2022-08-04 11:00,1.15
83,2022-08-04 12:00,1.14
84,2022-08-04 13:00,1.14
85,2022-08-04 14:00,1.13
86,2022-08-04 15:00,1.13
87,2022-08-04 16:00,1.12
88,2022-08-04 17:00,1.1
89,2022-08-04 18:00,1.11
90,2022-08-04 19:00,1.11
91,2022-08-04 20:00,1.11
92,2022-08-04 21:00,1.1
93,2022-08-04 22:00,1.1
94,2022-08-04 23:00,1.1
95,2022-08-05 00:00,1.09
96,2022-08-05 01:00,1.09
97,2022-08-05 02:00,1.08
98,2022-08-05 03:00,1.08
99,2022-08-05 04:00,1.07
100,2022-08-05 05:00,1.07
101,2022-08-05 06:00,1.06
102,2022-08-05 07:00,1.06
103,2022-08-05 08:00,1.05
104,2022-08-05 09:00,1.05
105,2022-08-05 10:00,1.09
106,2022-08-05 11:00,1.04
107,2022-08-05 12:00,1.04
108,2022-08-05 13:00,1.04
109,2022-08-05 14:00,1.04
110,2022-08-05 15:00,1.03
111,2022-08-05 16:00,1.03
112,2022-08-05 17:00,1.03
113,2022-08-05 18:00,1.03
114,2022-08-05 19:00,1.02
115,2022-08-05 20:00,1.02
116,2022-08-05 21:00,1.01
117,2022-08-05 22:00,1.01
118,2022-08-05 23:00,1.01
119,2022-08-06 00:00,1.0
120,2022-08-06 01:00,1.0
121,2022-08-06 02:00,1.0
122,2022-08-06 03:00,0.99
123,2022-08-06 04:00,0.99
124,2022-08-06 05:00,0.99
125,2022-08-06 06:00,0.98
126,2022-08-06 07:00,0.98
127,2022-08-06 08:00,0.98
128,2022-08-06 09:00,0.98
129,2022-08-06 10:00,1.0
130,2022-08-06 11:00,0.97
131,2022-08-06 12:00,0.97
132,2022-08-06 13:00,0.96
133,2022-08-06 14:00,0.97
134,2022-08-06 15:00,0.96
135,2022-08-06 16:00,0.96
136,2022-08-06 17:00,0.96
137,2022-08-06 18:00,0.95
138,2022-08-06 19:00,0.95
139,2022-08-06 20:00,0.94
140,2022-08-06 21:00,0.94
141,2022-08-06 22:00,0.94
142,2022-08-06 23:00,0.93
143,2022-08-07 00:00,0.93
144,2022-08-07 01:00,0.92
145,2022-08-07 02:00,0.92
146,2022-08-07 03:00,0.93
147,2022-08-07 04:00,0.92
148,2022-08-07 05:00,0.92
149,2022-08-07 06:00,0.92
150,2022-08-07 07:00,0.92
151,2022-08-07 08:00,0.92
152,2022-08-07 09:00,0.91
153,2022-08-07 10:00,0.92
154,2022-08-07 11:00,0.91
155,2022-08-07 12:00,0.91
156,2022-08-07 13:00,0.91
157,2022-08-07 14:00,0.91
158,2022-08-07 15:00,0.91
159,2022-08-07 16:00,0.9
160,2022-08-07 17:00,0.9
161,2022-08-07 18:00,0.9
162,2022-08-07 19:00,0.89
163,2022-08-07 20:00,0.89
164,2022-08-07 21:00,0.89
165,2022-08-07 22:00,0.89
166,2022-08-07 23:00,0.89
167,2022-08-08 00:00,0.89
168,2022-08-08 01:00,0.89
169,2022-08-08 02:00,0.88
170,2022-08-08 03:00,0.88
171,2022-08-08 04:00,0.88
172,2022-08-08 05:00,0.88
173,2022-08-08 06:00,0.88
174,2022-08-08 07:00,0.87
175,2022-08-08 08:00,0.87
176,2022-08-08 09:00,0.87
177,2022-08-08 10:00,0.89
178,2022-08-08 11:00,0.87
179,2022-08-08 12:00,0.87
180,2022-08-08 13:00,0.87
181,2022-08-08 14:00,0.87
182,2022-08-08 15:00,0.86
183,2022-08-08 16:00,0.87
184,2022-08-08 17:00,0.86
185,2022-08-08 18:00,0.86
186,2022-08-08 19:00,0.86
187,2022-08-08 20:00,0.85
188,2022-08-08 21:00,0.85
189,2022-08-08 22:00,0.85
190,2022-08-08 23:00,0.85
191,2022-08-09 00:00,0.85
192,2022-08-09 01:00,0.84
193,2022-08-09 02:00,0.85
194,2022-08-09 03:00,0.84
195,2022-08-09 04:00,0.84
196,2022-08-09 05:00,0.84
197,2022-08-09 06:00,0.84
198,2022-08-09 07:00,0.84
199,2022-08-09 08:00,0.84
200,2022-08-09 09:00,0.84
201,2022-08-09 10:00,0.84
202,2022-08-09 11:00,0.83
203,2022-08-09 12:00,0.83
204,2022-08-09 13:00,0.83
205,2022-08-09 14:00,0.83
206,2022-08-09 15:00,0.82
207,2022-08-09 16:00,0.83
208,2022-08-09 17:00,0.83
209,2022-08-09 18:00,0.82
210,2022-08-09 19:00,0.82
211,2022-08-09 20:00,0.82
212,2022-08-09 21:00,0.82
213,2022-08-09 22:00,0.82
214,2022-08-09 23:00,0.82
215,2022-08-10 00:00,0.81
216,2022-08-10 01:00,0.81
217,2022-08-10 02:00,0.81
218,2022-08-10 03:00,0.81
219,2022-08-10 04:00,0.81
220,2022-08-10 05:00,0.81
221,2022-08-10 06:00,0.81
222,2022-08-10 07:00,0.81
223,2022-08-10 08:00,0.81
224,2022-08-10 09:00,0.8
225,2022-08-10 10:00,0.81
226,2022-08-10 11:00,0.8
227,2022-08-10 12:00,0.8
228,2022-08-10 13:00,0.8
229,2022-08-10 14:00,0.8
230,2022-08-10 15:00,0.8
231,2022-08-10 16:00,0.8
232,2022-08-10 17:00,0.8
233,2022-08-10 18:00,0.8
234,2022-08-10 19:00,0.8
235,2022-08-10 20:00,0.79
236,2022-08-10 21:00,0.79
237,2022-08-10 22:00,0.79
238,2022-08-10 23:00,0.79
239,2022-08-11 00:00,0.79
240,2022-08-11 01:00,0.79
241,2022-08-11 02:00,0.79
242,2022-08-11 03:00,0.78
243,2022-08-11 04:00,0.78
244,2022-08-11 05:00,0.79
245,2022-08-11 06:00,0.78
246,2022-08-11 07:00,0.78
247,2022-08-11 08:00,0.78
248,2022-08-11 09:00,0.78
249,2022-08-11 10:00,0.79
250,2022-08-11 11:00,0.78
251,2022-08-11 12:00,0.78
252,2022-08-11 13:00,0.78
253,2022-08-11 14:00,0.78
254,2022-08-11 15:00,0.78
255,2022-08-11 16:00,0.79
256,2022-08-11 17:00,0.79
257,2022-08-11 18:00,0.79
258,2022-08-11 19:00,0.79
259,2022-08-11 20:00,0.8
260,2022-08-11 21:00,0.8
261,2022-08-11 22:00,0.81
262,2022-08-11 23:00,0.81
263,2022-08-12 00:00,0.81
264,2022-08-12 01:00,0.81
265,2022-08-12 02:00,0.81
266,2022-08-12 03:00,0.81
267,2022-08-12 04:00,0.81
268,2022-08-12 05:00,0.81
269,2022-08-12 06:00,0.81
270,2022-08-12 07:00,0.81
271,2022-08-12 08:00,0.8
272,2022-08-12 09:00,0.8
273,2022-08-12 10:00,0.81
274,2022-08-12 11:00,0.8
275,2022-08-12 12:00,0.8
276,2022-08-12 13:00,0.8
277,2022-08-12 14:00,0.8
278,2022-08-12 15:00,0.8
279,2022-08-12 16:00,0.8
280,2022-08-12 17:00,0.8
281,2022-08-12 18:00,0.79
282,2022-08-12 19:00,0.79
283,2022-08-12 20:00,0.79
284,2022-08-12 21:00,0.79
285,2022-08-12 22:00,0.79
286,2022-08-12 23:00,0.78
287,2022-08-13 00:00,0.79
288,2022-08-13 01:00,0.78
289,2022-08-13 02:00,0.78
290,2022-08-13 03:00,0.78
291,2022-08-13 04:00,0.78
292,2022-08-13 05:00,0.77
293,2022-08-13 06:00,0.77
294,2022-08-13 07:00,0.77
295,2022-08-13 08:00,0.77
296,2022-08-13 09:00,0.77
297,2022-08-13 10:00,0.78
298,2022-08-13 11:00,0.77
299,2022-08-13 12:00,0.77
300,2022-08-13 13:00,0.77
301,2022-08-13 14:00,0.77
302,2022-08-13 15:00,0.76
303,2022-08-13 16:00,0.76
304,2022-08-13 17:00,0.76
305,2022-08-13 18:00,0.76
306,2022-08-13 19:00,0.76
307,2022-08-13 20:00,0.76
308,2022-08-13 21:00,0.76
309,2022-08-13 22:00,0.76
310,2022-08-13 23:00,0.76
311,2022-08-14 00:00,0.76
312,2022-08-14 01:00,0.75
313,2022-08-14 02:00,0.76
314,2022-08-14 03:00,0.76
315,2022-08-14 04:00,0.76
316,2022-08-14 05:00,0.76
317,2022-08-14 06:00,0.76
318,2022-08-14 07:00,0.77
319,2022-08-14 08:00,0.77
320,2022-08-14 09:00,0.76
321,2022-08-14 10:00,0.75
322,2022-08-14 11:00,0.76
323,2022-08-14 12:00,0.77
324,2022-08-14 13:00,0.77
325,2022-08-14 14:00,0.76
326,2022-08-14 15:00,0.77
327,2022-08-14 16:00,0.76
328,2022-08-14 17:00,0.76
329,2022-08-14 18:00,0.76
330,2022-08-14 19:00,0.75
331,2022-08-14 20:00,0.76
332,2022-08-14 21:00,0.75
333,2022-08-14 22:00,0.75
334,2022-08-14 23:00,0.75
335,2022-08-15 00:00,0.75
336,2022-08-15 01:00,0.75
337,2022-08-15 02:00,0.75
338,2022-08-15 03:00,0.75
339,2022-08-15 04:00,0.75
340,2022-08-15 05:00,0.74
341,2022-08-15 06:00,0.75
342,2022-08-15 07:00,0.75
343,2022-08-15 08:00,0.74
344,2022-08-15 09:00,0.74
345,2022-08-15 10:00,0.75
346,2022-08-15 11:00,0.74
347,2022-08-15 12:00,0.74
348,2022-08-15 13:00,0.74
349,2022-08-15 14:00,0.74
350,2022-08-15 15:00,0.74
351,2022-08-15 16:00,0.74
352,2022-08-15 17:00,0.74
353,2022-08-15 18:00,0.74
354,2022-08-15 19:00,0.74
355,2022-08-15 20:00,0.74
356,2022-08-15 21:00,0.74
357,2022-08-15 22:00,0.74
358,2022-08-15 23:00,0.74
359,2022-08-16 00:00,0.74
360,2022-08-16 01:00,0.74
361,2022-08-16 02:00,0.74
362,2022-08-16 03:00,0.74
363,2022-08-16 04:00,0.74
364,2022-08-16 05:00,0.74
365,2022-08-16 06:00,0.73
366,2022-08-16 07:00,0.73
367,2022-08-16 08:00,0.79
368,2022-08-16 09:00,0.86
369,2022-08-16 10:00,0.74
370,2022-08-16 11:00,0.87
371,2022-08-16 12:00,0.9
372,2022-08-16 13:00,0.92
373,2022-08-16 14:00,0.92
374,2022-08-16 15:00,0.93
375,2022-08-16 16:00,0.95
376,2022-08-16 17:00,0.94
377,2022-08-16 18:00,0.93
378,2022-08-16 19:00,0.92
379,2022-08-16 20:00,0.91
380,2022-08-16 21:00,0.9
381,2022-08-16 22:00,0.9
382,2022-08-16 23:00,0.9
383,2022-08-17 00:00,0.89
384,2022-08-17 01:00,0.89
385,2022-08-17 02:00,0.89
386,2022-08-17 03:00,0.89
387,2022-08-17 04:00,0.88
388,2022-08-17 05:00,0.88
389,2022-08-17 06:00,0.88
390,2022-08-17 07:00,0.88
391,2022-08-17 08:00,0.87
392,2022-08-17 09:00,0.88
393,2022-08-17 10:00,0.89
394,2022-08-17 11:00,0.87
395,2022-08-17 12:00,0.87
396,2022-08-17 13:00,0.87
397,2022-08-17 14:00,0.87
398,2022-08-17 15:00,0.87
399,2022-08-17 16:00,0.87
400,2022-08-17 17:00,0.86
401,2022-08-17 18:00,0.86
402,2022-08-17 19:00,0.86
403,2022-08-17 20:00,0.86
404,2022-08-17 21:00,0.86
405,2022-08-17 22:00,0.85
406,2022-08-17 23:00,0.86
407,2022-08-18 00:00,0.85
408,2022-08-18 01:00,0.85
409,2022-08-18 02:00,0.85
410,2022-08-18 03:00,0.85
411,2022-08-18 04:00,0.85
412,2022-08-18 05:00,0.85
413,2022-08-18 06:00,0.85
414,2022-08-18 07:00,0.85
415,2022-08-18 08:00,0.84
416,2022-08-18 09:00,0.84
417,2022-08-18 10:00,0.85
418,2022-08-18 11:00,0.84
419,2022-08-18 12:00,0.84
420,2022-08-18 13:00,0.84
421,2022-08-18 14:00,0.84
422,2022-08-18 15:00,0.83
423,2022-08-18 16:00,0.83
424,2022-08-18 17:00,0.83
425,2022-08-18 18:00,0.83
426,2022-08-18 19:00,0.82
427,2022-08-18 20:00,0.82
428,2022-08-18 21:00,0.82
429,2022-08-18 22:00,0.82
430,2022-08-18 23:00,0.82
431,2022-08-19 00:00,0.82
432,2022-08-19 01:00,0.81
433,2022-08-19 02:00,0.81
434,2022-08-19 03:00,0.81
435,2022-08-19 04:00,0.81
436,2022-08-19 05:00,0.81
437,2022-08-19 06:00,0.81
438,2022-08-19 07:00,0.81
439,2022-08-19 08:00,0.81
440,2022-08-19 09:00,0.8
441,2022-08-19 10:00,0.81
442,2022-08-19 11:00,0.8
443,2022-08-19 12:00,0.81
444,2022-08-19 13:00,0.8
445,2022-08-19 14:00,0.8
446,2022-08-19 15:00,0.8
447,2022-08-19 16:00,0.8
448,2022-08-19 17:00,0.8
449,2022-08-19 18:00,0.8
450,2022-08-19 19:00,0.8
451,2022-08-19 20:00,0.8
452,2022-08-19 21:00,0.8
453,2022-08-19 22:00,0.79
454,2022-08-19 23:00,0.8
455,2022-08-20 00:00,0.79
456,2022-08-20 01:00,0.79
457,2022-08-20 02:00,0.79
458,2022-08-20 03:00,0.79
459,2022-08-20 04:00,0.79
460,2022-08-20 05:00,0.78
461,2022-08-20 06:00,0.78
462,2022-08-20 07:00,0.79
463,2022-08-20 08:00,0.79
464,2022-08-20 09:00,0.78
465,2022-08-20 10:00,0.79
466,2022-08-20 11:00,0.79
467,2022-08-20 12:00,0.82
468,2022-08-20 13:00,0.84
469,2022-08-20 14:00,0.85
470,2022-08-20 15:00,0.88
471,2022-08-20 16:00,0.93
472,2022-08-20 17:00,0.94
473,2022-08-20 18:00,0.96
474,2022-08-20 19:00,0.99
475,2022-08-20 20:00,0.98
476,2022-08-20 21:00,0.97
477,2022-08-20 22:00,0.96
478,2022-08-20 23:00,0.94
479,2022-08-21 00:00,0.93
480,2022-08-21 01:00,0.93
481,2022-08-21 02:00,0.92
482,2022-08-21 03:00,0.92
483,2022-08-21 04:00,0.91
484,2022-08-21 05:00,0.91
485,2022-08-21 06:00,0.9
486,2022-08-21 07:00,0.9
487,2022-08-21 08:00,0.9
488,2022-08-21 09:00,0.9
489,2022-08-21 10:00,0.93
490,2022-08-21 11:00,0.89
491,2022-08-21 12:00,0.89
492,2022-08-21 13:00,0.89
493,2022-08-21 14:00,0.89
494,2022-08-21 15:00,0.89
495,2022-08-21 16:00,0.88
496,2022-08-21 17:00,0.88
497,2022-08-21 18:00,0.88
498,2022-08-21 19:00,0.88
499,2022-08-21 20:00,0.88
500,2022-08-21 21:00,0.88
501,2022-08-21 22:00,0.87
502,2022-08-21 23:00,0.87
503,2022-08-22 00:00,0.87
504,2022-08-22 01:00,0.87
505,2022-08-22 02:00,0.87
506,2022-08-22 03:00,0.87
507,2022-08-22 04:00,0.87
508,2022-08-22 05:00,0.86
509,2022-08-22 06:00,0.86
510,2022-08-22 07:00,0.86
511,2022-08-22 08:00,0.86
512,2022-08-22 09:00,0.86
513,2022-08-22 10:00,0.87
514,2022-08-22 11:00,0.86
515,2022-08-22 12:00,0.86
516,2022-08-22 13:00,0.86
517,2022-08-22 14:00,0.86
518,2022-08-22 15:00,0.85
519,2022-08-22 16:00,0.85
520,2022-08-22 17:00,0.85
521,2022-08-22 18:00,0.85
522,2022-08-22 19:00,0.85
523,2022-08-22 20:00,0.85
524,2022-08-22 21:00,0.84
525,2022-08-22 22:00,0.84
526,2022-08-22 23:00,0.84
527,2022-08-23 00:00,0.84
528,2022-08-23 01:00,0.83
529,2022-08-23 02:00,0.83
530,2022-08-23 03:00,0.83
531,2022-08-23 04:00,0.83
532,2022-08-23 05:00,0.83
533,2022-08-23 06:00,0.83
534,2022-08-23 07:00,0.83
535,2022-08-23 08:00,0.83
536,2022-08-23 09:00,0.83
537,2022-08-23 10:00,0.83
538,2022-08-23 11:00,0.82
539,2022-08-23 12:00,0.83
540,2022-08-23 13:00,0.82
541,2022-08-23 14:00,0.82
542,2022-08-23 15:00,0.82
543,2022-08-23 16:00,0.82
544,2022-08-23 17:00,0.82
545,2022-08-23 18:00,0.82
546,2022-08-23 19:00,0.82
547,2022-08-23 20:00,0.82
548,2022-08-23 21:00,0.83
549,2022-08-23 22:00,0.9
550,2022-08-23 23:00,0.89
551,2022-08-24 00:00,0.89
552,2022-08-24 01:00,0.92
553,2022-08-24 02:00,0.94
554,2022-08-24 03:00,0.94
555,2022-08-24 04:00,0.93
556,2022-08-24 05:00,0.95
557,2022-08-24 06:00,0.95
558,2022-08-24 07:00,0.99
559,2022-08-24 08:00,1.03
560,2022-08-24 09:00,1.03
561,2022-08-24 10:00,0.92
562,2022-08-24 11:00,1.09
563,2022-08-24 12:00,1.11
564,2022-08-24 13:00,1.11
565,2022-08-24 14:00,1.11
566,2022-08-24 15:00,1.1
567,2022-08-24 16:00,1.11
568,2022-08-24 17:00,1.1
569,2022-08-24 18:00,1.09
570,2022-08-24 19:00,1.1
571,2022-08-24 20:00,1.1
572,2022-08-24 21:00,1.09
573,2022-08-24 22:00,1.08
574,2022-08-24 23:00,1.08
575,2022-08-25 00:00,1.08
576,2022-08-25 01:00,1.08
577,2022-08-25 02:00,1.07
578,2022-08-25 03:00,1.06
579,2022-08-25 04:00,1.04
580,2022-08-25 05:00,1.05
581,2022-08-25 06:00,1.04
582,2022-08-25 07:00,1.04
583,2022-08-25 08:00,1.03
584,2022-08-25 09:00,1.03
585,2022-08-25 10:00,1.08
586,2022-08-25 11:00,1.02
587,2022-08-25 12:00,1.02
588,2022-08-25 13:00,1.01
589,2022-08-25 14:00,1.01
590,2022-08-25 15:00,1.0
591,2022-08-25 16:00,0.99
592,2022-08-25 17:00,0.99
593,2022-08-25 18:00,0.99
594,2022-08-25 19:00,0.98
595,2022-08-25 20:00,0.98
596,2022-08-25 21:00,0.97
597,2022-08-25 22:00,0.97
598,2022-08-25 23:00,0.97
599,2022-08-26 00:00,0.96
600,2022-08-26 01:00,0.96
601,2022-08-26 02:00,0.96
602,2022-08-26 03:00,0.96
603,2022-08-26 04:00,0.95
604,2022-08-26 05:00,0.96
605,2022-08-26 06:00,0.95
606,2022-08-26 07:00,0.95
607,2022-08-26 08:00,0.94
608,2022-08-26 09:00,0.94
609,2022-08-26 10:00,0.96
610,2022-08-26 11:00,0.94
611,2022-08-26 12:00,0.93
612,2022-08-26 13:00,0.93
613,2022-08-26 14:00,0.93
614,2022-08-26 15:00,0.93
615,2022-08-26 16:00,0.92
616,2022-08-26 17:00,0.92
617,2022-08-26 18:00,0.91
618,2022-08-26 19:00,0.91
619,2022-08-26 20:00,0.91
620,2022-08-26 21:00,0.9
621,2022-08-26 22:00,0.9
622,2022-08-26 23:00,0.9
623,2022-08-27 00:00,0.9
624,2022-08-27 01:00,0.89
625,2022-08-27 02:00,0.89
626,2022-08-27 03:00,0.89
627,2022-08-27 04:00,0.89
628,2022-08-27 05:00,0.89
629,2022-08-27 06:00,0.89
630,2022-08-27 07:00,0.88
631,2022-08-27 08:00,0.88
632,2022-08-27 09:00,0.88
633,2022-08-27 10:00,0.89
634,2022-08-27 11:00,0.88
635,2022-08-27 12:00,0.88
636,2022-08-27 13:00,0.88
637,2022-08-27 14:00,0.87
638,2022-08-27 15:00,0.87
639,2022-08-27 16:00,0.87
640,2022-08-27 17:00,0.87
641,2022-08-27 18:00,0.87
642,2022-08-27 19:00,0.86
643,2022-08-27 20:00,0.86
644,2022-08-27 21:00,0.86
645,2022-08-27 22:00,0.85
646,2022-08-27 23:00,0.85
647,2022-08-28 00:00,0.85
648,2022-08-28 01:00,0.85
649,2022-08-28 02:00,0.84
650,2022-08-28 03:00,0.84
651,2022-08-28 04:00,0.84
652,2022-08-28 05:00,0.84
653,2022-08-28 06:00,0.84
654,2022-08-28 07:00,0.83
655,2022-08-28 08:00,0.84
656,2022-08-28 09:00,0.83
657,2022-08-28 10:00,0.85
658,2022-08-28 11:00,0.83
659,2022-08-28 12:00,0.83
660,2022-08-28 13:00,0.83
661,2022-08-28 14:00,0.83
662,2022-08-28 15:00,0.82
663,2022-08-28 16:00,0.82
664,2022-08-28 17:00,0.82
665,2022-08-28 18:00,0.82
666,2022-08-28 19:00,0.82
667,2022-08-28 20:00,0.81
668,2022-08-28 21:00,0.81
669,2022-08-28 22:00,0.81
670,2022-08-28 23:00,0.81
671,2022-08-29 00:00,0.81
672,2022-08-29 01:00,0.8
673,2022-08-29 02:00,0.8
674,2022-08-29 03:00,0.8
675,2022-08-29 04:00,0.8
676,2022-08-29 05:00,0.8
677,2022-08-29 06:00,0.79
678,2022-08-29 07:00,0.79
679,2022-08-29 08:00,0.79
680,2022-08-29 09:00,0.79
681,2022-08-29 10:00,0.8
682,2022-08-29 11:00,0.79
683,2022-08-29 12:00,0.79
684,2022-08-29 13:00,0.79
685,2022-08-29 14:00,0.79
686,2022-08-29 15:00,0.79
687,2022-08-29 16:00,0.79
688,2022-08-29 17:00,0.78
689,2022-08-29 18:00,0.78
690,2022-08-29 19:00,0.78
691,2022-08-29 20:00,0.78
692,2022-08-29 21:00,0.78
693,2022-08-29 22:00,0.78
694,2022-08-29 23:00,0.78
695,2022-08-30 00:00,0.78
696,2022-08-30 01:00,0.78
697,2022-08-30 02:00,0.78
698,2022-08-30 03:00,0.77
699,2022-08-30 04:00,0.77
700,2022-08-30 05:00,0.77
701,2022-08-30 06:00,0.77
702,2022-08-30 07:00,0.77
703,2022-08-30 08:00,0.77
704,2022-08-30 09:00,0.77
705,2022-08-30 10:00,0.78
706,2022-08-30 11:00,0.77
707,2022-08-30 12:00,0.77
708,2022-08-30 13:00,0.77
709,2022-08-30 14:00,0.77
710,2022-08-30 15:00,0.77
711,2022-08-30 16:00,0.78
712,2022-08-30 17:00,0.78
713,2022-08-30 18:00,0.79
714,2022-08-30 19:00,0.78
715,2022-08-30 20:00,0.79
716,2022-08-30 21:00,0.78
717,2022-08-30 22:00,0.78
718,2022-08-30 23:00,0.78
719,2022-08-31 00:00,0.78
720,2022-08-31 01:00,0.78
721,2022-08-31 02:00,0.78
722,2022-08-31 03:00,0.78
723,2022-08-31 04:00,0.78
724,2022-08-31 05:00,0.78
725,2022-08-31 06:00,0.78
726,2022-08-31 07:00,0.78
727,2022-08-31 08:00,0.78
728,2022-08-31 09:00,0.78
729,2022-08-31 10:00,0.78
730,2022-08-31 11:00,0.78
731,2022-08-31 12:00,0.78
732,2022-08-31 13:00,0.78
733,2022-08-31 14:00,0.78
734,2022-08-31 15:00,0.78
735,2022-08-31 16:00,0.78
736,2022-08-31 17:00,0.78
737,2022-08-31 18:00,0.78
738,2022-08-31 19:00,0.78
739,2022-08-31 20:00,0.77
740,2022-08-31 21:00,0.78
741,2022-08-31 22:00,0.77
742,2022-08-31 23:00,0.77
743,2022-09-01 00:00,0.77
744,2022-09-01 01:00,0.77
745,2022-09-01 02:00,0.76
746,2022-09-01 03:00,0.77
747,2022-09-01 04:00,0.76
748,2022-09-01 05:00,0.76
749,2022-09-01 06:00,0.76
750,2022-09-01 07:00,0.76
751,2022-09-01 08:00,0.76
752,2022-09-01 09:00,0.76
753,2022-09-01 10:00,0.77
754,2022-09-01 11:00,0.75
755,2022-09-01 12:00,0.76
756,2022-09-01 13:00,0.75
757,2022-09-01 14:00,0.75
758,2022-09-01 15:00,0.75
759,2022-09-01 16:00,0.75
760,2022-09-01 17:00,0.75
761,2022-09-01 18:00,0.75
762,2022-09-01 19:00,0.75
763,2022-09-01 20:00,0.75
764,2022-09-01 21:00,0.75
765,2022-09-01 22:00,0.75
766,2022-09-01 23:00,0.75
767,2022-09-02 00:00,0.75
768,2022-09-02 01:00,0.74
769,2022-09-02 02:00,0.74
770,2022-09-02 03:00,0.74
771,2022-09-02 04:00,0.74
772,2022-09-02 05:00,0.74
773,2022-09-02 06:00,0.74
774,2022-09-02 07:00,0.74
775,2022-09-02 08:00,0.74
776,2022-09-02 09:00,0.74
777,2022-09-02 10:00,0.74
778,2022-09-02 11:00,0.74
779,2022-09-02 12:00,0.74
780,2022-09-02 13:00,0.74
781,2022-09-02 14:00,0.75
782,2022-09-02 15:00,0.74
783,2022-09-02 16:00,0.74
784,2022-09-02 17:00,0.74
785,2022-09-02 18:00,0.74
786,2022-09-02 19:00,0.74
787,2022-09-02 20:00,0.74
788,2022-09-02 21:00,0.74
789,2022-09-02 22:00,0.73
790,2022-09-02 23:00,0.73
791,2022-09-03 00:00,0.73
792,2022-09-03 01:00,0.73
793,2022-09-03 02:00,0.73
794,2022-09-03 03:00,0.73
795,2022-09-03 04:00,0.73
796,2022-09-03 05:00,0.73
797,2022-09-03 06:00,0.73
798,2022-09-03 07:00,0.73
799,2022-09-03 08:00,0.73
800,2022-09-03 09:00,0.73
801,2022-09-03 10:00,0.73
802,2022-09-03 11:00,0.73
803,2022-09-03 12:00,0.73
804,2022-09-03 13:00,0.73
805,2022-09-03 14:00,0.73
806,2022-09-03 15:00,0.73
807,2022-09-03 16:00,0.73
808,2022-09-03 17:00,0.73
809,2022-09-03 18:00,0.73
810,2022-09-03 19:00,0.73
811,2022-09-03 20:00,0.73
812,2022-09-03 21:00,0.73
813,2022-09-03 22:00,0.73
814,2022-09-03 23:00,0.73
815,2022-09-04 00:00,0.73
816,2022-09-04 01:00,0.73
817,2022-09-04 02:00,0.73
818,2022-09-04 03:00,0.73
819,2022-09-04 04:00,0.73
820,2022-09-04 05:00,0.73
821,2022-09-04 06:00,0.74
822,2022-09-04 07:00,0.74
823,2022-09-04 08:00,0.74
824,2022-09-04 09:00,0.74
825,2022-09-04 10:00,0.73
826,2022-09-04 11:00,0.76
827,2022-09-04 12:00,0.76
828,2022-09-04 13:00,0.76
829,2022-09-04 14:00,0.76
830,2022-09-04 15:00,0.76
831,2022-09-04 16:00,0.76
832,2022-09-04 17:00,0.77
833,2022-09-04 18:00,0.76
834,2022-09-04 19:00,0.76
835,2022-09-04 20:00,0.76
836,2022-09-04 21:00,0.76
837,2022-09-04 22:00,0.76
838,2022-09-04 23:00,0.75
839,2022-09-05 00:00,0.75
840,2022-09-05 01:00,0.75
841,2022-09-05 02:00,0.75
842,2022-09-05 03:00,0.75
843,2022-09-05 04:00,0.75
844,2022-09-05 05:00,0.75
845,2022-09-05 06:00,0.75
846,2022-09-05 07:00,0.75
847,2022-09-05 08:00,0.75
848,2022-09-05 09:00,0.75
849,2022-09-05 10:00,0.75
850,2022-09-05 11:00,0.75
851,2022-09-05 12:00,0.75
852,2022-09-05 13:00,0.75
853,2022-09-05 14:00,0.75
854,2022-09-05 15:00,0.76
855,2022-09-05 16:00,0.77
856,2022-09-05 17:00,0.79
857,2022-09-05 18:00,0.8
858,2022-09-05 19:00,0.82
859,2022-09-05 20:00,0.87
860,2022-09-05 21:00,1.2
861,2022-09-05 22:00,1.77
862,2022-09-05 23:00,2.31
863,2022-09-06 00:00,2.48
864,2022-09-06 01:00,2.56
865,2022-09-06 02:00,2.64
866,2022-09-06 03:00,2.82
867,2022-09-06 04:00,2.85
868,2022-09-06 05:00,2.76
869,2022-09-06 06:00,2.58
870,2022-09-06 07:00,2.3
871,2022-09-06 08:00,2.15
872,2022-09-06 09:00,1.99
873,2022-09-06 10:00,2.56
874,2022-09-06 11:00,1.84
875,2022-09-06 12:00,1.76
876,2022-09-06 13:00,1.72
877,2022-09-06 14:00,1.64
878,2022-09-06 15:00,1.6
879,2022-09-06 16:00,1.56
880,2022-09-06 17:00,1.54
881,2022-09-06 18:00,1.51
882,2022-09-06 19:00,1.45
883,2022-09-06 20:00,1.43
884,2022-09-06 21:00,1.43
885,2022-09-06 22:00,1.42
886,2022-09-06 23:00,1.36
887,2022-09-07 00:00,1.32
888,2022-09-07 01:00,1.29
889,2022-09-07 02:00,1.31
890,2022-09-07 03:00,1.3
891,2022-09-07 04:00,1.28
892,2022-09-07 05:00,1.25
893,2022-09-07 06:00,1.25
894,2022-09-07 07:00,1.22
895,2022-09-07 08:00,1.19
896,2022-09-07 09:00,1.19
897,2022-09-07 10:00,1.29
898,2022-09-07 11:00,1.19
899,2022-09-07 12:00,1.16
900,2022-09-07 13:00,1.14
901,2022-09-07 14:00,1.14
902,2022-09-07 15:00,1.12
903,2022-09-07 16:00,1.12
904,2022-09-07 17:00,1.12
905,2022-09-07 18:00,1.1
906,2022-09-07 19:00,1.09
907,2022-09-07 20:00,1.09
908,2022-09-07 21:00,1.1
909,2022-09-07 22:00,1.1
910,2022-09-07 23:00,1.1
911,2022-09-08 00:00,1.08
912,2022-09-08 01:00,1.08
913,2022-09-08 02:00,1.08
914,2022-09-08 03:00,1.08
915,2022-09-08 04:00,1.08
916,2022-09-08 05:00,1.06
917,2022-09-08 06:00,1.06
918,2022-09-08 07:00,1.06
919,2022-09-08 08:00,1.05
920,2022-09-08 09:00,1.04
921,2022-09-08 10:00,1.08
922,2022-09-08 11:00,1.03
923,2022-09-08 12:00,1.02
924,2022-09-08 13:00,1.02
925,2022-09-08 14:00,1.01
926,2022-09-08 15:00,1.0
927,2022-09-08 16:00,1.0
928,2022-09-08 17:00,1.0
929,2022-09-08 18:00,0.98
930,2022-09-08 19:00,0.98
931,2022-09-08 20:00,0.97
932,2022-09-08 21:00,0.97
933,2022-09-08 22:00,0.96
934,2022-09-08 23:00,0.96
935,2022-09-09 00:00,0.96
936,2022-09-09 01:00,0.96
937,2022-09-09 02:00,0.95
938,2022-09-09 03:00,0.95
939,2022-09-09 04:00,0.95
940,2022-09-09 05:00,0.95
941,2022-09-09 06:00,0.94
942,2022-09-09 07:00,0.94
943,2022-09-09 08:00,0.93
944,2022-09-09 09:00,0.93
945,2022-09-09 10:00,0.96
946,2022-09-09 11:00,0.93
947,2022-09-09 12:00,0.93
948,2022-09-09 13:00,0.93
949,2022-09-09 14:00,0.93
950,2022-09-09 15:00,0.92
951,2022-09-09 16:00,0.92
952,2022-09-09 17:00,0.92
953,2022-09-09 18:00,0.91
954,2022-09-09 19:00,0.91
955,2022-09-09 20:00,0.91
956,2022-09-09 21:00,0.9
957,2022-09-09 22:00,0.9
958,2022-09-09 23:00,0.9
959,2022-09-10 00:00,0.9
960,2022-09-10 01:00,0.89
961,2022-09-10 02:00,0.89
962,2022-09-10 03:00,0.89
963,2022-09-10 04:00,0.89
964,2022-09-10 05:00,0.89
965,2022-09-10 06:00,0.89
966,2022-09-10 07:00,0.88
967,2022-09-10 08:00,0.88
968,2022-09-10 09:00,0.88
969,2022-09-10 10:00,0.89
970,2022-09-10 11:00,0.88
971,2022-09-10 12:00,0.87
972,2022-09-10 13:00,0.87
973,2022-09-10 14:00,0.87
974,2022-09-10 15:00,0.87
975,2022-09-10 16:00,0.87
976,2022-09-10 17:00,0.87
977,2022-09-10 18:00,0.86
978,2022-09-10 19:00,0.86
979,2022-09-10 20:00,0.86
980,2022-09-10 21:00,0.86
981,2022-09-10 22:00,0.86
982,2022-09-10 23:00,0.86
983,2022-09-11 00:00,0.86
984,2022-09-11 01:00,0.85
985,2022-09-11 02:00,0.85
986,2022-09-11 03:00,0.85
987,2022-09-11 04:00,0.85
988,2022-09-11 05:00,0.85
989,2022-09-11 06:00,0.85
990,2022-09-11 07:00,0.84
991,2022-09-11 08:00,0.85
992,2022-09-11 09:00,0.84
993,2022-09-11 10:00,0.85
994,2022-09-11 11:00,0.84
995,2022-09-11 12:00,0.84
996,2022-09-11 13:00,0.84
997,2022-09-11 14:00,0.84
998,2022-09-11 15:00,0.84
999,2022-09-11 16:00,0.83
1000,2022-09-11 17:00,0.83
1001,2022-09-11 18:00,0.83
1002,2022-09-11 19:00,0.83
1003,2022-09-11 20:00,0.82
1004,2022-09-11 21:00,0.82
1005,2022-09-11 22:00,0.82
1006,2022-09-11 23:00,0.82
1007,2022-09-12 00:00,0.82
1008,2022-09-12 01:00,0.82
1009,2022-09-12 02:00,0.82
1010,2022-09-12 03:00,0.82
1011,2022-09-12 04:00,0.82
1012,2022-09-12 05:00,0.82
1013,2022-09-12 06:00,0.82
1014,2022-09-12 07:00,0.81
1015,2022-09-12 08:00,0.81
1016,2022-09-12 09:00,0.81
1017,2022-09-12 10:00,0.82
1018,2022-09-12 11:00,0.81
1019,2022-09-12 12:00,0.81
1020,2022-09-12 13:00,0.81
1021,2022-09-12 14:00,0.81
1022,2022-09-12 15:00,0.81
1023,2022-09-12 16:00,0.81
1024,2022-09-12 17:00,0.81
1025,2022-09-12 18:00,0.81
1026,2022-09-12 19:00,0.81
1027,2022-09-12 20:00,0.81
1028,2022-09-12 21:00,0.8
1029,2022-09-12 22:00,0.8
1030,2022-09-12 23:00,0.8
1031,2022-09-13 00:00,0.8
1032,2022-09-13 01:00,0.8
1033,2022-09-13 02:00,0.8
1034,2022-09-13 03:00,0.8
1035,2022-09-13 04:00,0.8
1036,2022-09-13 05:00,0.8
1037,2022-09-13 06:00,0.79
1038,2022-09-13 07:00,0.79
1039,2022-09-13 08:00,0.79
1040,2022-09-13 09:00,0.79
1041,2022-09-13 10:00,0.8
1042,2022-09-13 11:00,0.79
1043,2022-09-13 12:00,0.79
1044,2022-09-13 13:00,0.79
1045,2022-09-13 14:00,0.79
1046,2022-09-13 15:00,0.78
1047,2022-09-13 16:00,0.78
1048,2022-09-13 17:00,0.78
1049,2022-09-13 18:00,0.78
1050,2022-09-13 19:00,0.78
1051,2022-09-13 20:00,0.78
1052,2022-09-13 21:00,0.78
1053,2022-09-13 22:00,0.78
1054,2022-09-13 23:00,0.78
1055,2022-09-14 00:00,0.77
1056,2022-09-14 01:00,0.77
1057,2022-09-14 02:00,0.77
1058,2022-09-14 03:00,0.77
1059,2022-09-14 04:00,0.77
1060,2022-09-14 05:00,0.77
1061,2022-09-14 06:00,0.77
1062,2022-09-14 07:00,0.77
1063,2022-09-14 08:00,0.77
1064,2022-09-14 09:00,0.77
1065,2022-09-14 10:00,0.77
1066,2022-09-14 11:00,0.77
1067,2022-09-14 12:00,0.77
1068,2022-09-14 13:00,0.76
1069,2022-09-14 14:00,0.76
1070,2022-09-14 15:00,0.76
1071,2022-09-14 16:00,0.76
1072,2022-09-14 17:00,0.76
1073,2022-09-14 18:00,0.76
1074,2022-09-14 19:00,0.76
1075,2022-09-14 20:00,0.76
1076,2022-09-14 21:00,0.76
1077,2022-09-14 22:00,0.76
1078,2022-09-14 23:00,0.76
1079,2022-09-15 00:00,0.75
1080,2022-09-15 01:00,0.75
1081,2022-09-15 02:00,0.75
1082,2022-09-15 03:00,0.75
1083,2022-09-15 04:00,0.75
1084,2022-09-15 05:00,0.75
1085,2022-09-15 06:00,0.75
1086,2022-09-15 07:00,0.75
1087,2022-09-15 08:00,0.75
1088,2022-09-15 09:00,0.75
1089,2022-09-15 10:00,0.75
1090,2022-09-15 11:00,0.75
1091,2022-09-15 12:00,0.75
1092,2022-09-15 13:00,0.75
1093,2022-09-15 14:00,0.75
1094,2022-09-15 15:00,0.75
1095,2022-09-15 16:00,0.75
1096,2022-09-15 17:00,0.75
1097,2022-09-15 18:00,0.75
1098,2022-09-15 19:00,0.75
1099,2022-09-15 20:00,0.75
1100,2022-09-15 21:00,0.75
1101,2022-09-15 22:00,0.74
1102,2022-09-15 23:00,0.74
1103,2022-09-16 00:00,0.74
1104,2022-09-16 01:00,0.74
1105,2022-09-16 02:00,0.74
1106,2022-09-16 03:00,0.74
1107,2022-09-16 04:00,0.75
1108,2022-09-16 05:00,0.74
1109,2022-09-16 06:00,0.74
1110,2022-09-16 07:00,0.74
1111,2022-09-16 08:00,0.74
1112,2022-09-16 09:00,0.74
1113,2022-09-16 10:00,0.74
1114,2022-09-16 11:00,0.74
1115,2022-09-16 12:00,0.74
1116,2022-09-16 13:00,0.74
1117,2022-09-16 14:00,0.74
1118,2022-09-16 15:00,0.74
1119,2022-09-16 16:00,0.74
1120,2022-09-16 17:00,0.74
1121,2022-09-16 18:00,0.74
1122,2022-09-16 19:00,0.74
1123,2022-09-16 20:00,0.74
1124,2022-09-16 21:00,0.74
1125,2022-09-16 22:00,0.74
1126,2022-09-16 23:00,0.74
1127,2022-09-17 00:00,0.74
1128,2022-09-17 01:00,0.74
1129,2022-09-17 02:00,0.74
1130,2022-09-17 03:00,0.74
1131,2022-09-17 04:00,0.73
1132,2022-09-17 05:00,0.74
1133,2022-09-17 06:00,0.73
1134,2022-09-17 07:00,0.73
1135,2022-09-17 08:00,0.73
1136,2022-09-17 09:00,0.73
1137,2022-09-17 10:00,0.74
1138,2022-09-17 11:00,0.73
1139,2022-09-17 12:00,0.73
1140,2022-09-17 13:00,0.73
1141,2022-09-17 14:00,0.73
1142,2022-09-17 15:00,0.73
1143,2022-09-17 16:00,0.73
1144,2022-09-17 17:00,0.73
1145,2022-09-17 18:00,0.73
1146,2022-09-17 19:00,0.73
1147,2022-09-17 20:00,0.73
1148,2022-09-17 21:00,0.73
1149,2022-09-17 22:00,0.73
1150,2022-09-17 23:00,0.73
1151,2022-09-18 00:00,0.73
1152,2022-09-18 01:00,0.72
1153,2022-09-18 02:00,0.72
1154,2022-09-18 03:00,0.72
1155,2022-09-18 04:00,0.72
1156,2022-09-18 05:00,0.72
1157,2022-09-18 06:00,0.72
1158,2022-09-18 07:00,0.72
1159,2022-09-18 08:00,0.72
1160,2022-09-18 09:00,0.72
1161,2022-09-18 10:00,0.72
1162,2022-09-18 11:00,0.72
1163,2022-09-18 12:00,0.72
1164,2022-09-18 13:00,0.72
1165,2022-09-18 14:00,0.72
1166,2022-09-18 15:00,0.72
1167,2022-09-18 16:00,0.72
1168,2022-09-18 17:00,0.72
1169,2022-09-18 18:00,0.72
1170,2022-09-18 19:00,0.72
1171,2022-09-18 20:00,0.72
1172,2022-09-18 21:00,0.72
1173,2022-09-18 22:00,0.72
1174,2022-09-18 23:00,0.72
1175,2022-09-19 00:00,0.71
1176,2022-09-19 01:00,0.71
1177,2022-09-19 02:00,0.72
1178,2022-09-19 03:00,0.71
1179,2022-09-19 04:00,0.71
1180,2022-09-19 05:00,0.71
1181,2022-09-19 06:00,0.71
1182,2022-09-19 07:00,0.71
1183,2022-09-19 08:00,0.71
1184,2022-09-19 09:00,0.71
1185,2022-09-19 10:00,0.71
1186,2022-09-19 11:00,0.71
1187,2022-09-19 12:00,0.71
1188,2022-09-19 13:00,0.71
1189,2022-09-19 14:00,0.71
1190,2022-09-19 15:00,0.71
1191,2022-09-19 16:00,0.71
1192,2022-09-19 17:00,0.71
1193,2022-09-19 18:00,0.71
1194,2022-09-19 19:00,0.71
1195,2022-09-19 20:00,0.71
1196,2022-09-19 21:00,0.71
1197,2022-09-19 22:00,0.71
1198,2022-09-19 23:00,0.71
1199,2022-09-20 00:00,0.71
1200,2022-09-20 01:00,0.71
1201,2022-09-20 02:00,0.71
1202,2022-09-20 03:00,0.71
1203,2022-09-20 04:00,0.7
1204,2022-09-20 05:00,0.7
1205,2022-09-20 06:00,0.7
1206,2022-09-20 07:00,0.7
1207,2022-09-20 08:00,0.7
1208,2022-09-20 09:00,0.7
1209,2022-09-20 10:00,0.71
1210,2022-09-20 11:00,0.7
1211,2022-09-20 12:00,0.7
1212,2022-09-20 13:00,0.7
1213,2022-09-20 14:00,0.7
1214,2022-09-20 15:00,0.7
1215,2022-09-20 16:00,0.7
1216,2022-09-20 17:00,0.7
1217,2022-09-20 18:00,0.7
1218,2022-09-20 19:00,0.7
1219,2022-09-20 20:00,0.7
1220,2022-09-20 21:00,0.7
1221,2022-09-20 22:00,0.7
1222,2022-09-20 23:00,0.7
1223,2022-09-21 00:00,0.7
1224,2022-09-21 01:00,0.69
1225,2022-09-21 02:00,0.7
1226,2022-09-21 03:00,0.7
1227,2022-09-21 04:00,0.7
1228,2022-09-21 05:00,0.69
1229,2022-09-21 06:00,0.69
1230,2022-09-21 07:00,0.69
1231,2022-09-21 08:00,0.69
1232,2022-09-21 09:00,0.69
1233,2022-09-21 10:00,0.69
1234,2022-09-21 11:00,0.69
1235,2022-09-21 12:00,0.69
1236,2022-09-21 13:00,0.69
1237,2022-09-21 14:00,0.69
1238,2022-09-21 15:00,0.69
1239,2022-09-21 16:00,0.69
1240,2022-09-21 17:00,0.69
1241,2022-09-21 18:00,0.69
1242,2022-09-21 19:00,0.64
1243,2022-09-21 20:00,0.68
1244,2022-09-21 21:00,0.69
1245,2022-09-21 22:00,0.7
1246,2022-09-21 23:00,0.69
1247,2022-09-22 00:00,0.69
1248,2022-09-22 01:00,0.69
1249,2022-09-22 02:00,0.69
1250,2022-09-22 03:00,0.69
1251,2022-09-22 04:00,0.69
1252,2022-09-22 05:00,0.69
1253,2022-09-22 06:00,0.69
1254,2022-09-22 07:00,0.69
1255,2022-09-22 08:00,0.69
1256,2022-09-22 09:00,0.69
1257,2022-09-22 10:00,0.69
1258,2022-09-22 11:00,0.68
1259,2022-09-22 12:00,0.68
1260,2022-09-22 13:00,0.68
1261,2022-09-22 14:00,0.69
1262,2022-09-22 15:00,0.68
1263,2022-09-22 16:00,0.69
1264,2022-09-22 17:00,0.69
1265,2022-09-22 18:00,0.69
1266,2022-09-22 19:00,0.69
1267,2022-09-22 20:00,0.69
1268,2022-09-22 21:00,0.69
1269,2022-09-22 22:00,0.69
1270,2022-09-22 23:00,0.69
1271,2022-09-23 00:00,0.68
1272,2022-09-23 01:00,0.68
1273,2022-09-23 02:00,0.69
1274,2022-09-23 03:00,0.68
1275,2022-09-23 04:00,0.68
1276,2022-09-23 05:00,0.68
1277,2022-09-23 06:00,0.68
1278,2022-09-23 07:00,0.68
1279,2022-09-23 08:00,0.68
1280,2022-09-23 09:00,0.68
1281,2022-09-23 10:00,0.68
1282,2022-09-23 11:00,0.68
1283,2022-09-23 12:00,0.68
1284,2022-09-23 13:00,0.68
1285,2022-09-23 14:00,0.68
1286,2022-09-23 15:00,0.68
1287,2022-09-23 16:00,0.68
1288,2022-09-23 17:00,0.68
1289,2022-09-23 18:00,0.68
1290,2022-09-23 19:00,0.68
1291,2022-09-23 20:00,0.68
1292,2022-09-23 21:00,0.68
1293,2022-09-23 22:00,0.68
1294,2022-09-23 23:00,0.68
1295,2022-09-24 00:00,0.68
1296,2022-09-24 01:00,0.68
1297,2022-09-24 02:00,0.68
1298,2022-09-24 03:00,0.68
1299,2022-09-24 04:00,0.68
1300,2022-09-24 05:00,0.68
1301,2022-09-24 06:00,0.68
1302,2022-09-24 07:00,0.68
1303,2022-09-24 08:00,0.68
1304,2022-09-24 09:00,0.67
1305,2022-09-24 10:00,0.68
1306,2022-09-24 11:00,0.67
1307,2022-09-24 12:00,0.67
1308,2022-09-24 13:00,0.68
1309,2022-09-24 14:00,0.67
1310,2022-09-24 15:00,0.67
1311,2022-09-24 16:00,0.67
1312,2022-09-24 17:00,0.68
1313,2022-09-24 18:00,0.67
1314,2022-09-24 19:00,0.67
1315,2022-09-24 20:00,0.67
1316,2022-09-24 21:00,0.67
1317,2022-09-24 22:00,0.67
1318,2022-09-24 23:00,0.67
1319,2022-09-25 00:00,0.67
1320,2022-09-25 01:00,0.67
1321,2022-09-25 02:00,0.67
1322,2022-09-25 03:00,0.67
1323,2022-09-25 04:00,0.67
1324,2022-09-25 05:00,0.67
1325,2022-09-25 06:00,0.67
1326,2022-09-25 07:00,0.67
1327,2022-09-25 08:00,0.67
1328,2022-09-25 09:00,0.67
1329,2022-09-25 10:00,0.67
1330,2022-09-25 11:00,0.67
1331,2022-09-25 12:00,0.67
1332,2022-09-25 13:00,0.67
1333,2022-09-25 14:00,0.67
1334,2022-09-25 15:00,0.67
1335,2022-09-25 16:00,0.67
1336,2022-09-25 17:00,0.67
1337,2022-09-25 18:00,0.67
1338,2022-09-25 19:00,0.67
1339,2022-09-25 20:00,0.67
1340,2022-09-25 21:00,0.67
1341,2022-09-25 22:00,0.67
1342,2022-09-25 23:00,0.67
1343,2022-09-26 00:00,0.67
1344,2022-09-26 01:00,0.67
1345,2022-09-26 02:00,0.67
1346,2022-09-26 03:00,0.67
1347,2022-09-26 04:00,0.66
1348,2022-09-26 05:00,0.66
1349,2022-09-26 06:00,0.66
1350,2022-09-26 07:00,0.66
1351,2022-09-26 08:00,0.66
1352,2022-09-26 09:00,0.67
1353,2022-09-26 10:00,0.67
1354,2022-09-26 11:00,0.66
1355,2022-09-26 12:00,0.67
1356,2022-09-26 13:00,0.66
1357,2022-09-26 14:00,0.66
1358,2022-09-26 15:00,0.67
1359,2022-09-26 16:00,0.67
1360,2022-09-26 17:00,0.67
1361,2022-09-26 18:00,0.67
1362,2022-09-26 19:00,0.66
1363,2022-09-26 20:00,0.67
1364,2022-09-26 21:00,0.66
1365,2022-09-26 22:00,0.66
1366,2022-09-26 23:00,0.66
1367,2022-09-27 00:00,0.67
1368,2022-09-27 01:00,0.66
1369,2022-09-27 02:00,0.66
1370,2022-09-27 03:00,0.66
1371,2022-09-27 04:00,0.66
1372,2022-09-27 05:00,0.66
1373,2022-09-27 06:00,0.66
1374,2022-09-27 07:00,0.66
1375,2022-09-27 08:00,0.66
1376,2022-09-27 09:00,0.66
1377,2022-09-27 10:00,0.66
1378,2022-09-27 11:00,0.66
1379,2022-09-27 12:00,0.66
1380,2022-09-27 13:00,0.66
1381,2022-09-27 14:00,0.66
1382,2022-09-27 15:00,0.66
1383,2022-09-27 16:00,0.66
1384,2022-09-27 17:00,0.66
1385,2022-09-27 18:00,0.66
1386,2022-09-27 19:00,0.66
1387,2022-09-27 20:00,0.66
1388,2022-09-27 21:00,0.66
1389,2022-09-27 22:00,0.66
1390,2022-09-27 23:00,0.66
1391,2022-09-28 00:00,0.66
1392,2022-09-28 01:00,0.66
1393,2022-09-28 02:00,0.66
1394,2022-09-28 03:00,0.65
1395,2022-09-28 04:00,0.65
1396,2022-09-28 05:00,0.66
1397,2022-09-28 06:00,0.65
1398,2022-09-28 07:00,0.65
1399,2022-09-28 08:00,0.65
1400,2022-09-28 09:00,0.65
1401,2022-09-28 10:00,0.66
1402,2022-09-28 11:00,0.65
1403,2022-09-28 12:00,0.65
1404,2022-09-28 13:00,0.65
1405,2022-09-28 14:00,0.65
1406,2022-09-28 15:00,0.66
1407,2022-09-28 16:00,0.65
1408,2022-09-28 17:00,0.65
1409,2022-09-28 18:00,0.65
1410,2022-09-28 19:00,0.65
1411,2022-09-28 20:00,0.65
1412,2022-09-28 21:00,0.65
1413,2022-09-28 22:00,0.65
1414,2022-09-28 23:00,0.66
1415,2022-09-29 00:00,0.65
1416,2022-09-29 01:00,0.65
1417,2022-09-29 02:00,0.65
1418,2022-09-29 03:00,0.65
1419,2022-09-29 04:00,0.65
1420,2022-09-29 05:00,0.65
1421,2022-09-29 06:00,0.65
1422,2022-09-29 07:00,0.65
1423,2022-09-29 08:00,0.65
1424,2022-09-29 09:00,0.65
1425,2022-09-29 10:00,0.65
1426,2022-09-29 11:00,0.65
1427,2022-09-29 12:00,0.65
1428,2022-09-29 13:00,0.65
1429,2022-09-29 14:00,0.65
1430,2022-09-29 15:00,0.65
1431,2022-09-29 16:00,0.65
1432,2022-09-29 17:00,0.65
1433,2022-09-29 18:00,0.65
1434,2022-09-29 19:00,0.65
1435,2022-09-29 20:00,0.65
1436,2022-09-29 21:00,0.65
1437,2022-09-29 22:00,0.65
1438,2022-09-29 23:00,0.65
1439,2022-09-30 00:00,0.65
1440,2022-09-30 01:00,0.65
1441,2022-09-30 02:00,0.65
1442,2022-09-30 03:00,0.65
1443,2022-09-30 04:00,0.65
1444,2022-09-30 05:00,0.65
1445,2022-09-30 06:00,0.65
1446,2022-09-30 07:00,0.65
1447,2022-09-30 08:00,0.65
1448,2022-09-30 09:00,0.64
1449,2022-09-30 10:00,0.65
1450,2022-09-30 11:00,0.65
1451,2022-09-30 12:00,0.65
1452,2022-09-30 13:00,0.64
1453,2022-09-30 14:00,0.65
1454,2022-09-30 15:00,0.65
1455,2022-09-30 16:00,0.65
1456,2022-09-30 17:00,0.65
1457,2022-09-30 18:00,0.65
1458,2022-09-30 19:00,0.65
1459,2022-09-30 20:00,0.65
1460,2022-09-30 21:00,0.65
1461,2022-09-30 22:00,0.65
1462,2022-09-30 23:00,0.65
1463,2022-10-01 00:00,0.64
1464,2022-10-01 01:00,0.64
1465,2022-10-01 02:00,0.64
1466,2022-10-01 03:00,0.64
1467,2022-10-01 04:00,0.64
1468,2022-10-01 05:00,0.64
1469,2022-10-01 06:00,0.64
1470,2022-10-01 07:00,0.63
1471,2022-10-01 08:00,0.64
1472,2022-10-01 09:00,0.64
1473,2022-10-01 10:00,0.64
1474,2022-10-01 11:00,0.64
1475,2022-10-01 12:00,0.64
1476,2022-10-01 13:00,0.64
1477,2022-10-01 14:00,0.64
1478,2022-10-01 15:00,0.64
1479,2022-10-01 16:00,0.64
1480,2022-10-01 17:00,0.64
1481,2022-10-01 18:00,0.64
1482,2022-10-01 19:00,0.64
1483,2022-10-01 20:00,0.64
1484,2022-10-01 21:00,0.64
1485,2022-10-01 22:00,0.64
1486,2022-10-01 23:00,0.64
1487,2022-10-02 00:00,0.64
1488,2022-10-02 01:00,0.64
1489,2022-10-02 02:00,0.63
1490,2022-10-02 03:00,0.64
1491,2022-10-02 04:00,0.64
1492,2022-10-02 05:00,0.64
1493,2022-10-02 06:00,0.63
1494,2022-10-02 07:00,0.64
1495,2022-10-02 08:00,0.64
1496,2022-10-02 09:00,0.63
1497,2022-10-02 10:00,0.64
1498,2022-10-02 11:00,0.63
1499,2022-10-02 12:00,0.63
1500,2022-10-02 13:00,0.63
1501,2022-10-02 14:00,0.63
1502,2022-10-02 15:00,0.63
1503,2022-10-02 16:00,0.63
1504,2022-10-02 17:00,0.63
1505,2022-10-02 18:00,0.63
1506,2022-10-02 19:00,0.63
1507,2022-10-02 20:00,0.63
1508,2022-10-02 21:00,0.63
1509,2022-10-02 22:00,0.63
1510,2022-10-02 23:00,0.63
1511,2022-10-03 00:00,0.63
1512,2022-10-03 01:00,0.63
1513,2022-10-03 02:00,0.63
1514,2022-10-03 03:00,0.63
1515,2022-10-03 04:00,0.63
1516,2022-10-03 05:00,0.63
1517,2022-10-03 06:00,0.63
1518,2022-10-03 07:00,0.63
1519,2022-10-03 08:00,0.63
1520,2022-10-03 09:00,0.63
1521,2022-10-03 10:00,0.63
1522,2022-10-03 11:00,0.63
1523,2022-10-03 12:00,0.63
1524,2022-10-03 13:00,0.63
1525,2022-10-03 14:00,0.63
1526,2022-10-03 15:00,0.63
1527,2022-10-03 16:00,0.63
1528,2022-10-03 17:00,0.63
1529,2022-10-03 18:00,0.63
1530,2022-10-03 19:00,0.63
1531,2022-10-03 20:00,0.63
1532,2022-10-03 21:00,0.63
1533,2022-10-03 22:00,0.63
1534,2022-10-03 23:00,0.63
1535,2022-10-04 00:00,0.63
1536,2022-10-04 01:00,0.63
1537,2022-10-04 02:00,0.63
1538,2022-10-04 03:00,0.63
1539,2022-10-04 04:00,0.63
1540,2022-10-04 05:00,0.63
1541,2022-10-04 06:00,0.63
1542,2022-10-04 07:00,0.63
1543,2022-10-04 08:00,0.64
1544,2022-10-04 09:00,0.68
1545,2022-10-04 10:00,0.63
1546,2022-10-04 11:00,0.71
1547,2022-10-04 12:00,0.72
1548,2022-10-04 13:00,0.71
1549,2022-10-04 14:00,0.73
1550,2022-10-04 15:00,0.8
1551,2022-10-04 16:00,0.81
1552,2022-10-04 17:00,0.85
1553,2022-10-04 18:00,0.84
1554,2022-10-04 19:00,0.84
1555,2022-10-04 20:00,0.83
1556,2022-10-04 21:00,0.82
1557,2022-10-04 22:00,0.8
1558,2022-10-04 23:00,0.79
1559,2022-10-05 00:00,0.78
1560,2022-10-05 01:00,0.77
1561,2022-10-05 02:00,0.76
1562,2022-10-05 03:00,0.75
1563,2022-10-05 04:00,0.74
1564,2022-10-05 05:00,0.74
1565,2022-10-05 06:00,0.73
1566,2022-10-05 07:00,0.73
1567,2022-10-05 08:00,0.72
1568,2022-10-05 09:00,0.72
1569,2022-10-05 10:00,0.77
1570,2022-10-05 11:00,0.71
1571,2022-10-05 12:00,0.71
1572,2022-10-05 13:00,0.71
1573,2022-10-05 14:00,0.7
1574,2022-10-05 15:00,0.7
1575,2022-10-05 16:00,0.7
1576,2022-10-05 17:00,0.7
1577,2022-10-05 18:00,0.7
1578,2022-10-05 19:00,0.7
1579,2022-10-05 20:00,0.69
1580,2022-10-05 21:00,0.69
1581,2022-10-05 22:00,0.69
1582,2022-10-05 23:00,0.69
1583,2022-10-06 00:00,0.68
1584,2022-10-06 01:00,0.68
1585,2022-10-06 02:00,0.68
1586,2022-10-06 03:00,0.67
1587,2022-10-06 04:00,0.67
1588,2022-10-06 05:00,0.67
1589,2022-10-06 06:00,0.68
1590,2022-10-06 07:00,0.68
1591,2022-10-06 08:00,0.68
1592,2022-10-06 09:00,0.67
1593,2022-10-06 10:00,0.68
1594,2022-10-06 11:00,0.67
1595,2022-10-06 12:00,0.67
1596,2022-10-06 13:00,0.67
1597,2022-10-06 14:00,0.67
1598,2022-10-06 15:00,0.67
1599,2022-10-06 16:00,0.67
1600,2022-10-06 17:00,0.66
1601,2022-10-06 18:00,0.66
1602,2022-10-06 19:00,0.67
1603,2022-10-06 20:00,0.66
1604,2022-10-06 21:00,0.67
1605,2022-10-06 22:00,0.66
1606,2022-10-06 23:00,0.66
1607,2022-10-07 00:00,0.66
1608,2022-10-07 01:00,0.66
1609,2022-10-07 02:00,0.66
1610,2022-10-07 03:00,0.66
1611,2022-10-07 04:00,0.66
1612,2022-10-07 05:00,0.66
1613,2022-10-07 06:00,0.66
1614,2022-10-07 07:00,0.66
1615,2022-10-07 08:00,0.66
1616,2022-10-07 09:00,0.66
1617,2022-10-07 10:00,0.66
1618,2022-10-07 11:00,0.66
1619,2022-10-07 12:00,0.66
1620,2022-10-07 13:00,0.66
1621,2022-10-07 14:00,0.66
1622,2022-10-07 15:00,0.66
1623,2022-10-07 16:00,0.65
1624,2022-10-07 17:00,0.65
1625,2022-10-07 18:00,0.65
1626,2022-10-07 19:00,0.65
1627,2022-10-07 20:00,0.65
1628,2022-10-07 21:00,0.65
1629,2022-10-07 22:00,0.65
1630,2022-10-07 23:00,0.65
1631,2022-10-08 00:00,0.65
1632,2022-10-08 01:00,0.65
1633,2022-10-08 02:00,0.65
1634,2022-10-08 03:00,0.65
1635,2022-10-08 04:00,0.65
1636,2022-10-08 05:00,0.66
1637,2022-10-08 06:00,0.65
1638,2022-10-08 07:00,0.65
1639,2022-10-08 08:00,0.64
1640,2022-10-08 09:00,0.64
1641,2022-10-08 10:00,0.65
1642,2022-10-08 11:00,0.64
1643,2022-10-08 12:00,0.65
1644,2022-10-08 13:00,0.64
1645,2022-10-08 14:00,0.64
1646,2022-10-08 15:00,0.64
1647,2022-10-08 16:00,0.65
1648,2022-10-08 17:00,0.65
1649,2022-10-08 18:00,0.64
1650,2022-10-08 19:00,0.64
1651,2022-10-08 20:00,0.64
1652,2022-10-08 21:00,0.65
1653,2022-10-08 22:00,0.64
1654,2022-10-08 23:00,0.64
1655,2022-10-09 00:00,0.64
1656,2022-10-09 01:00,0.64
1657,2022-10-09 02:00,0.64
1658,2022-10-09 03:00,0.64
1659,2022-10-09 04:00,0.64
1660,2022-10-09 05:00,0.64
1661,2022-10-09 06:00,0.64
1662,2022-10-09 07:00,0.64
1663,2022-10-09 08:00,0.64
1664,2022-10-09 09:00,0.64
1665,2022-10-09 10:00,0.64
1666,2022-10-09 11:00,0.64
1667,2022-10-09 12:00,0.64
1668,2022-10-09 13:00,0.65
1669,2022-10-09 14:00,0.64
1670,2022-10-09 15:00,0.65
1671,2022-10-09 16:00,0.64
1672,2022-10-09 17:00,0.64
1673,2022-10-09 18:00,0.65
1674,2022-10-09 19:00,0.65
1675,2022-10-09 20:00,0.65
1676,2022-10-09 21:00,0.65
1677,2022-10-09 22:00,0.64
1678,2022-10-09 23:00,0.65
1679,2022-10-10 00:00,0.65
1680,2022-10-10 01:00,0.65
1681,2022-10-10 02:00,0.65
1682,2022-10-10 03:00,0.65
1683,2022-10-10 04:00,0.65
1684,2022-10-10 05:00,0.65
1685,2022-10-10 06:00,0.65
1686,2022-10-10 07:00,0.65
1687,2022-10-10 08:00,0.65
1688,2022-10-10 09:00,0.65
1689,2022-10-10 10:00,0.65
1690,2022-10-10 11:00,0.64
1691,2022-10-10 12:00,0.65
1692,2022-10-10 13:00,0.65
1693,2022-10-10 14:00,0.65
1694,2022-10-10 15:00,0.65
1695,2022-10-10 16:00,0.65
1696,2022-10-10 17:00,0.65
1697,2022-10-10 18:00,0.64
1698,2022-10-10 19:00,0.64
1699,2022-10-10 20:00,0.65
1700,2022-10-10 21:00,0.65
1701,2022-10-10 22:00,0.65
1702,2022-10-10 23:00,0.65
1703,2022-10-11 00:00,0.65
1704,2022-10-11 01:00,0.65
1705,2022-10-11 02:00,0.65
1706,2022-10-11 03:00,0.64
1707,2022-10-11 04:00,0.65
1708,2022-10-11 05:00,0.64
1709,2022-10-11 06:00,0.65
1710,2022-10-11 07:00,0.64
1711,2022-10-11 08:00,0.65
1712,2022-10-11 09:00,0.65
1713,2022-10-11 10:00,0.65
1714,2022-10-11 11:00,0.65
1715,2022-10-11 12:00,0.65
1716,2022-10-11 13:00,0.65
1717,2022-10-11 14:00,0.65
1718,2022-10-11 15:00,0.65
1719,2022-10-11 16:00,0.65
1720,2022-10-11 17:00,0.65
1721,2022-10-11 18:00,0.65
1722,2022-10-11 19:00,0.65
1723,2022-10-11 20:00,0.65
1724,2022-10-11 21:00,0.65
1725,2022-10-11 22:00,0.65
1726,2022-10-11 23:00,0.65
1727,2022-10-12 00:00,0.65
1728,2022-10-12 01:00,0.65
1729,2022-10-12 02:00,0.65
1730,2022-10-12 03:00,0.65
1731,2022-10-12 04:00,0.65
1732,2022-10-12 05:00,0.65
1733,2022-10-12 06:00,0.65
1734,2022-10-12 07:00,0.64
1735,2022-10-12 08:00,0.64
1736,2022-10-12 09:00,0.65
1737,2022-10-12 10:00,0.65
1738,2022-10-12 11:00,0.64
1739,2022-10-12 12:00,0.64
1740,2022-10-12 13:00,0.64
1741,2022-10-12 14:00,0.64
1742,2022-10-12 15:00,0.64
1743,2022-10-12 16:00,0.64
1744,2022-10-12 17:00,0.64
1745,2022-10-12 18:00,0.64
1746,2022-10-12 19:00,0.64
1747,2022-10-12 20:00,0.64
1748,2022-10-12 21:00,0.64
1749,2022-10-12 22:00,0.64
1750,2022-10-12 23:00,0.64
1751,2022-10-13 00:00,0.64
1752,2022-10-13 01:00,0.64
1753,2022-10-13 02:00,0.64
1754,2022-10-13 03:00,0.64
1755,2022-10-13 04:00,0.64
1756,2022-10-13 05:00,0.63
1757,2022-10-13 06:00,0.63
1758,2022-10-13 07:00,0.63
1759,2022-10-13 08:00,0.63
1760,2022-10-13 09:00,0.62
1761,2022-10-13 10:00,0.64
1762,2022-10-13 11:00,0.63
1763,2022-10-13 12:00,0.63
1764,2022-10-13 13:00,0.63
1765,2022-10-13 14:00,0.63
1766,2022-10-13 15:00,0.63
1767,2022-10-13 16:00,0.63
1768,2022-10-13 17:00,0.63
1769,2022-10-13 18:00,0.63
1770,2022-10-13 19:00,0.63
1771,2022-10-13 20:00,0.63
1772,2022-10-13 21:00,0.63
1773,2022-10-13 22:00,0.63
1774,2022-10-13 23:00,0.63
1775,2022-10-14 00:00,0.63
1776,2022-10-14 01:00,0.63
1777,2022-10-14 02:00,0.63
1778,2022-10-14 03:00,0.63
1779,2022-10-14 04:00,0.63
1780,2022-10-14 05:00,0.63
1781,2022-10-14 06:00,0.63
1782,2022-10-14 07:00,0.63
1783,2022-10-14 08:00,0.63
1784,2022-10-14 09:00,0.63
1785,2022-10-14 10:00,0.63
1786,2022-10-14 11:00,0.63
1787,2022-10-14 12:00,0.63
1788,2022-10-14 13:00,0.63
1789,2022-10-14 14:00,0.62
1790,2022-10-14 15:00,0.63
1791,2022-10-14 16:00,0.63
1792,2022-10-14 17:00,0.62
1793,2022-10-14 18:00,0.63
1794,2022-10-14 19:00,0.63
1795,2022-10-14 20:00,0.63
1796,2022-10-14 21:00,0.63
1797,2022-10-14 22:00,0.62
1798,2022-10-14 23:00,0.63
1799,2022-10-15 00:00,0.63
1800,2022-10-15 01:00,0.63
1801,2022-10-15 02:00,0.62
1802,2022-10-15 03:00,0.63
1803,2022-10-15 04:00,0.63
1804,2022-10-15 05:00,0.63
1805,2022-10-15 06:00,0.63
1806,2022-10-15 07:00,0.62
1807,2022-10-15 08:00,0.62
1808,2022-10-15 09:00,0.62
1809,2022-10-15 10:00,0.63
1810,2022-10-15 11:00,0.62
1811,2022-10-15 12:00,0.62
1812,2022-10-15 13:00,0.62
1813,2022-10-15 14:00,0.62
1814,2022-10-15 15:00,0.62
1815,2022-10-15 16:00,0.62
1816,2022-10-15 17:00,0.62
1817,2022-10-15 18:00,0.62
1818,2022-10-15 19:00,0.63
1819,2022-10-15 20:00,0.63
1820,2022-10-15 21:00,0.62
1821,2022-10-15 22:00,0.63
1822,2022-10-15 23:00,0.63
1823,2022-10-16 00:00,0.62
1824,2022-10-16 01:00,0.62
1825,2022-10-16 02:00,0.62
1826,2022-10-16 03:00,0.62
1827,2022-10-16 04:00,0.62
1828,2022-10-16 05:00,0.62
1829,2022-10-16 06:00,0.62
1830,2022-10-16 07:00,0.62
1831,2022-10-16 08:00,0.62
1832,2022-10-16 09:00,0.62
1833,2022-10-16 10:00,0.62
1834,2022-10-16 11:00,0.62
1835,2022-10-16 12:00,0.62
1836,2022-10-16 13:00,0.62
1837,2022-10-16 14:00,0.62
1838,2022-10-16 15:00,0.62
1839,2022-10-16 16:00,0.62
1840,2022-10-16 17:00,0.62
1841,2022-10-16 18:00,0.62
1842,2022-10-16 19:00,0.62
1843,2022-10-16 20:00,0.62
1844,2022-10-16 21:00,0.62
1845,2022-10-16 22:00,0.62
1846,2022-10-16 23:00,0.62
1847,2022-10-17 00:00,0.62
1848,2022-10-17 01:00,0.62
1849,2022-10-17 02:00,0.62
1850,2022-10-17 03:00,0.62
1851,2022-10-17 04:00,0.62
1852,2022-10-17 05:00,0.62
1853,2022-10-17 06:00,0.62
1854,2022-10-17 07:00,0.62
1855,2022-10-17 08:00,0.62
1856,2022-10-17 09:00,0.62
1857,2022-10-17 10:00,0.62
1858,2022-10-17 11:00,0.62
1859,2022-10-17 12:00,0.62
1860,2022-10-17 13:00,0.62
1861,2022-10-17 14:00,0.62
1862,2022-10-17 15:00,0.61
1863,2022-10-17 16:00,0.61
1864,2022-10-17 17:00,0.61
1865,2022-10-17 18:00,0.62
1866,2022-10-17 19:00,0.62
1867,2022-10-17 20:00,0.62
1868,2022-10-17 21:00,0.61
1869,2022-10-17 22:00,0.62
1870,2022-10-17 23:00,0.62
1871,2022-10-18 00:00,0.62
1872,2022-10-18 01:00,0.62
1873,2022-10-18 02:00,0.61
1874,2022-10-18 03:00,0.61
1875,2022-10-18 04:00,0.61
1876,2022-10-18 05:00,0.61
1877,2022-10-18 06:00,0.61
1878,2022-10-18 07:00,0.61
1879,2022-10-18 08:00,0.61
1880,2022-10-18 09:00,0.61
1881,2022-10-18 10:00,0.62
1882,2022-10-18 11:00,0.61
1883,2022-10-18 12:00,0.61
1884,2022-10-18 13:00,0.61
1885,2022-10-18 14:00,0.61
1886,2022-10-18 15:00,0.61
1887,2022-10-18 16:00,0.61
1888,2022-10-18 17:00,0.61
1889,2022-10-18 18:00,0.61
1890,2022-10-18 19:00,0.61
1891,2022-10-18 20:00,0.61
1892,2022-10-18 21:00,0.61
1893,2022-10-18 22:00,0.61
1894,2022-10-18 23:00,0.61
1895,2022-10-19 00:00,0.61
1896,2022-10-19 01:00,0.61
1897,2022-10-19 02:00,0.64
1898,2022-10-19 03:00,0.62
1899,2022-10-19 04:00,0.61
1900,2022-10-19 05:00,0.61
1901,2022-10-19 06:00,0.62
1902,2022-10-19 07:00,0.61
1903,2022-10-19 08:00,0.61
1904,2022-10-19 09:00,0.61
1905,2022-10-19 10:00,0.61
1906,2022-10-19 11:00,0.6
1907,2022-10-19 12:00,0.6
1908,2022-10-19 13:00,0.59
1909,2022-10-19 14:00,0.59
1910,2022-10-19 15:00,0.6
1911,2022-10-19 16:00,0.61
1912,2022-10-19 17:00,0.61
1913,2022-10-19 18:00,0.61
1914,2022-10-19 19:00,0.61
1915,2022-10-19 20:00,0.65
1916,2022-10-19 21:00,0.63
1917,2022-10-19 22:00,0.62
1918,2022-10-19 23:00,0.62
1919,2022-10-20 00:00,0.61
1920,2022-10-20 01:00,0.61
1921,2022-10-20 02:00,0.61
1922,2022-10-20 03:00,0.61
1923,2022-10-20 04:00,0.62
1924,2022-10-20 05:00,0.61
1925,2022-10-20 06:00,0.61
1926,2022-10-20 07:00,0.61
1927,2022-10-20 08:00,0.61
1928,2022-10-20 09:00,0.61
1929,2022-10-20 10:00,0.61
1930,2022-10-20 11:00,0.6
1931,2022-10-20 12:00,0.6
1932,2022-10-20 13:00,0.59
1933,2022-10-20 14:00,0.58
1934,2022-10-20 15:00,0.59
1935,2022-10-20 16:00,0.6
1936,2022-10-20 17:00,0.65
1937,2022-10-20 18:00,0.59
1938,2022-10-20 19:00,0.58
1939,2022-10-20 20:00,0.59
1940,2022-10-20 21:00,0.6
1941,2022-10-20 22:00,0.6
1942,2022-10-20 23:00,0.6
1943,2022-10-21 00:00,0.6
1944,2022-10-21 01:00,0.61
1945,2022-10-21 02:00,0.61
1946,2022-10-21 03:00,0.61
1947,2022-10-21 04:00,0.61
1948,2022-10-21 05:00,0.6
1949,2022-10-21 06:00,0.6
1950,2022-10-21 07:00,0.6
1951,2022-10-21 08:00,0.61
1952,2022-10-21 09:00,0.6
1953,2022-10-21 10:00,0.61
1954,2022-10-21 11:00,0.61
1955,2022-10-21 12:00,0.6
1956,2022-10-21 13:00,0.61
1957,2022-10-21 14:00,0.61
1958,2022-10-21 15:00,0.61
1959,2022-10-21 16:00,0.6
1960,2022-10-21 17:00,0.61
1961,2022-10-21 18:00,0.61
1962,2022-10-21 19:00,0.6
1963,2022-10-21 20:00,0.6
1964,2022-10-21 21:00,0.61
1965,2022-10-21 22:00,0.61
1966,2022-10-21 23:00,0.61
1967,2022-10-22 00:00,0.6
1968,2022-10-22 01:00,0.61
1969,2022-10-22 02:00,0.61
1970,2022-10-22 03:00,0.61
1971,2022-10-22 04:00,0.61
1972,2022-10-22 05:00,0.61
1973,2022-10-22 06:00,0.61
1974,2022-10-22 07:00,0.6
1975,2022-10-22 08:00,0.61
1976,2022-10-22 09:00,0.61
1977,2022-10-22 10:00,0.61
1978,2022-10-22 11:00,0.6
1979,2022-10-22 12:00,0.6
1980,2022-10-22 13:00,0.61
1981,2022-10-22 14:00,0.6
1982,2022-10-22 15:00,0.61
1983,2022-10-22 16:00,0.6
1984,2022-10-22 17:00,0.61
1985,2022-10-22 18:00,0.61
1986,2022-10-22 19:00,0.61
1987,2022-10-22 20:00,0.61
1988,2022-10-22 21:00,0.61
1989,2022-10-22 22:00,0.61
1990,2022-10-22 23:00,0.61
1991,2022-10-23 00:00,0.61
1992,2022-10-23 01:00,0.61
1993,2022-10-23 02:00,0.61
1994,2022-10-23 03:00,0.61
1995,2022-10-23 04:00,0.61
1996,2022-10-23 05:00,0.6
1997,2022-10-23 06:00,0.6
1998,2022-10-23 07:00,0.6
1999,2022-10-23 08:00,0.6
2000,2022-10-23 09:00,0.6
2001,2022-10-23 10:00,0.61
2002,2022-10-23 11:00,0.6
2003,2022-10-23 12:00,0.61
2004,2022-10-23 13:00,0.61
2005,2022-10-23 14:00,0.6
2006,2022-10-23 15:00,0.6
2007,2022-10-23 16:00,0.6
2008,2022-10-23 17:00,0.6
2009,2022-10-23 18:00,0.61
2010,2022-10-23 19:00,0.61
2011,2022-10-23 20:00,0.61
2012,2022-10-23 21:00,0.61
2013,2022-10-23 22:00,0.61
2014,2022-10-23 23:00,0.61
2015,2022-10-24 00:00,0.61
2016,2022-10-24 01:00,0.6
2017,2022-10-24 02:00,0.6
2018,2022-10-24 03:00,0.61
2019,2022-10-24 04:00,0.6
2020,2022-10-24 05:00,0.6
2021,2022-10-24 06:00,0.6
2022,2022-10-24 07:00,0.6
2023,2022-10-24 08:00,0.6
2024,2022-10-24 09:00,0.6
2025,2022-10-24 10:00,0.6
2026,2022-10-24 11:00,0.6
2027,2022-10-24 12:00,0.6
2028,2022-10-24 13:00,0.6
2029,2022-10-24 14:00,0.6
2030,2022-10-24 15:00,0.6
2031,2022-10-24 16:00,0.6
2032,2022-10-24 17:00,0.6
2033,2022-10-24 18:00,0.6
2034,2022-10-24 19:00,0.6
2035,2022-10-24 20:00,0.6
2036,2022-10-24 21:00,0.6
2037,2022-10-24 22:00,0.6
2038,2022-10-24 23:00,0.6
2039,2022-10-25 00:00,0.6
2040,2022-10-25 01:00,0.6
2041,2022-10-25 02:00,0.6
2042,2022-10-25 03:00,0.6
2043,2022-10-25 04:00,0.6
2044,2022-10-25 05:00,0.6
2045,2022-10-25 06:00,0.6
2046,2022-10-25 07:00,0.6
2047,2022-10-25 08:00,0.6
2048,2022-10-25 09:00,0.6
2049,2022-10-25 10:00,0.6
2050,2022-10-25 11:00,0.6
2051,2022-10-25 12:00,0.6
2052,2022-10-25 13:00,0.6
2053,2022-10-25 14:00,0.6
2054,2022-10-25 15:00,0.6
2055,2022-10-25 16:00,0.6
2056,2022-10-25 17:00,0.6
2057,2022-10-25 18:00,0.6
2058,2022-10-25 19:00,0.6
2059,2022-10-25 20:00,0.6
2060,2022-10-25 21:00,0.6
2061,2022-10-25 22:00,0.6
2062,2022-10-25 23:00,0.6
2063,2022-10-26 00:00,0.6
2064,2022-10-26 01:00,0.6
2065,2022-10-26 02:00,0.6
2066,2022-10-26 03:00,0.6
2067,2022-10-26 04:00,0.6
2068,2022-10-26 05:00,0.6
2069,2022-10-26 06:00,0.6
2070,2022-10-26 07:00,0.6
2071,2022-10-26 08:00,0.6
2072,2022-10-26 09:00,0.6
2073,2022-10-26 10:00,0.6
2074,2022-10-26 11:00,0.6
2075,2022-10-26 12:00,0.6
2076,2022-10-26 13:00,0.6
2077,2022-10-26 14:00,0.6
2078,2022-10-26 15:00,0.6
2079,2022-10-26 16:00,0.6
2080,2022-10-26 17:00,0.6
2081,2022-10-26 18:00,0.6
2082,2022-10-26 19:00,0.6
2083,2022-10-26 20:00,0.6
2084,2022-10-26 21:00,0.6
2085,2022-10-26 22:00,0.6
2086,2022-10-26 23:00,0.6
2087,2022-10-27 00:00,0.6
2088,2022-10-27 01:00,0.6
2089,2022-10-27 02:00,0.6
2090,2022-10-27 03:00,0.6
2091,2022-10-27 04:00,0.6
2092,2022-10-27 05:00,0.6
2093,2022-10-27 06:00,0.6
2094,2022-10-27 07:00,0.6
2095,2022-10-27 08:00,0.6
2096,2022-10-27 09:00,0.6
2097,2022-10-27 10:00,0.6
2098,2022-10-27 11:00,0.6
2099,2022-10-27 12:00,0.6
2100,2022-10-27 13:00,0.6
2101,2022-10-27 14:00,0.6
2102,2022-10-27 15:00,0.6
2103,2022-10-27 16:00,0.6
2104,2022-10-27 17:00,0.6
2105,2022-10-27 18:00,0.6
2106,2022-10-27 19:00,0.6
2107,2022-10-27 20:00,0.6
2108,2022-10-27 21:00,0.6
2109,2022-10-27 22:00,0.6
2110,2022-10-27 23:00,0.6
2111,2022-10-28 00:00,0.6
2112,2022-10-28 01:00,0.6
2113,2022-10-28 02:00,0.6
2114,2022-10-28 03:00,0.6
2115,2022-10-28 04:00,0.6
2116,2022-10-28 05:00,0.6
2117,2022-10-28 06:00,0.6
2118,2022-10-28 07:00,0.6
2119,2022-10-28 08:00,0.6
2120,2022-10-28 09:00,0.6
2121,2022-10-28 10:00,0.6
2122,2022-10-28 11:00,0.6
2123,2022-10-28 12:00,0.6
2124,2022-10-28 13:00,0.6
2125,2022-10-28 14:00,0.6
2126,2022-10-28 15:00,0.6
2127,2022-10-28 16:00,0.6
2128,2022-10-28 17:00,0.6
2129,2022-10-28 18:00,0.6
2130,2022-10-28 19:00,0.6
2131,2022-10-28 20:00,0.6
2132,2022-10-28 21:00,0.6
2133,2022-10-28 22:00,0.6
2134,2022-10-28 23:00,0.6
2135,2022-10-29 00:00,0.6
2136,2022-10-29 01:00,0.6
2137,2022-10-29 02:00,0.6
2138,2022-10-29 03:00,0.6
2139,2022-10-29 04:00,0.6
2140,2022-10-29 05:00,0.6
2141,2022-10-29 06:00,0.6
2142,2022-10-29 07:00,0.59
2143,2022-10-29 08:00,0.6
2144,2022-10-29 09:00,0.6
2145,2022-10-29 10:00,0.6
2146,2022-10-29 11:00,0.59
2147,2022-10-29 12:00,0.59
2148,2022-10-29 13:00,0.59
2149,2022-10-29 14:00,0.6
2150,2022-10-29 15:00,0.59
2151,2022-10-29 16:00,0.6
2152,2022-10-29 17:00,0.59
2153,2022-10-29 18:00,0.6
2154,2022-10-29 19:00,0.59
2155,2022-10-29 20:00,0.6
2156,2022-10-29 21:00,0.6
2157,2022-10-29 22:00,0.6
2158,2022-10-29 23:00,0.59
2159,2022-10-30 00:00,0.6
2160,2022-10-30 01:00,0.6
2161,2022-10-30 02:00,0.6
2162,2022-10-30 03:00,0.6
2163,2022-10-30 04:00,0.59
2164,2022-10-30 05:00,0.6
2165,2022-10-30 06:00,0.6
2166,2022-10-30 07:00,0.6
2167,2022-10-30 08:00,0.6
2168,2022-10-30 09:00,0.59
2169,2022-10-30 10:00,0.6
2170,2022-10-30 11:00,0.6
2171,2022-10-30 12:00,0.59
2172,2022-10-30 13:00,0.6
2173,2022-10-30 14:00,0.6
2174,2022-10-30 15:00,0.6
2175,2022-10-30 16:00,0.59
2176,2022-10-30 17:00,0.6
2177,2022-10-30 18:00,0.6
2178,2022-10-30 19:00,0.6
2179,2022-10-30 20:00,0.6
2180,2022-10-30 21:00,0.6
2181,2022-10-30 22:00,0.6
2182,2022-10-30 23:00,0.6
2183,2022-10-31 00:00,0.6
2184,2022-10-31 01:00,0.6
2185,2022-10-31 02:00,0.6
2186,2022-10-31 03:00,0.6
2187,2022-10-31 04:00,0.6
2188,2022-10-31 05:00,0.6
2189,2022-10-31 06:00,0.59
2190,2022-10-31 07:00,0.6
2191,2022-10-31 08:00,0.59
2192,2022-10-31 09:00,0.6
2193,2022-10-31 10:00,0.6
2194,2022-10-31 11:00,0.6
2195,2022-10-31 12:00,0.59
2196,2022-10-31 13:00,0.6
2197,2022-10-31 14:00,0.6
2198,2022-10-31 15:00,0.59
2199,2022-10-31 16:00,0.59
2200,2022-10-31 17:00,0.6
2201,2022-10-31 18:00,0.6
2202,2022-10-31 19:00,0.6
2203,2022-10-31 20:00,0.6
2204,2022-10-31 21:00,0.6
2205,2022-10-31 22:00,0.6
2206,2022-10-31 23:00,0.6
2207,2022-11-01 00:00,0.6
2208,2022-11-01 01:00,0.6
2209,2022-11-01 02:00,0.6
2210,2022-11-01 03:00,0.6
2211,2022-11-01 04:00,0.6
2212,2022-11-01 05:00,0.59
2213,2022-11-01 06:00,0.59
2214,2022-11-01 07:00,0.59
2215,2022-11-01 08:00,0.6
2216,2022-11-01 09:00,0.59
2217,2022-11-01 10:00,0.6
2218,2022-11-01 11:00,0.6
2219,2022-11-01 12:00,0.6
2220,2022-11-01 13:00,0.6
2221,2022-11-01 14:00,0.6
2222,2022-11-01 15:00,0.6
2223,2022-11-01 16:00,0.59
2224,2022-11-01 17:00,0.6
2225,2022-11-01 18:00,0.59
2226,2022-11-01 19:00,0.59
2227,2022-11-01 20:00,0.59
2228,2022-11-01 21:00,0.6
2229,2022-11-01 22:00,0.59
2230,2022-11-01 23:00,0.59
2231,2022-11-02 00:00,0.6
2232,2022-11-02 01:00,0.6
2233,2022-11-02 02:00,0.6
2234,2022-11-02 03:00,0.6
2235,2022-11-02 04:00,0.59
2236,2022-11-02 05:00,0.6
2237,2022-11-02 06:00,0.6
2238,2022-11-02 07:00,0.6
2239,2022-11-02 08:00,0.59
2240,2022-11-02 09:00,0.59
2241,2022-11-02 10:00,0.6
2242,2022-11-02 11:00,0.59
2243,2022-11-02 12:00,0.59
2244,2022-11-02 13:00,0.6
2245,2022-11-02 14:00,0.59
2246,2022-11-02 15:00,0.6
2247,2022-11-02 16:00,0.59
2248,2022-11-02 17:00,0.6
2249,2022-11-02 18:00,0.6
2250,2022-11-02 19:00,0.6
2251,2022-11-02 20:00,0.59
2252,2022-11-02 21:00,0.59
2253,2022-11-02 22:00,0.6
2254,2022-11-02 23:00,0.59
2255,2022-11-03 00:00,0.59
2256,2022-11-03 01:00,0.59
2257,2022-11-03 02:00,0.59
2258,2022-11-03 03:00,0.59
2259,2022-11-03 04:00,0.6
2260,2022-11-03 05:00,0.59
2261,2022-11-03 06:00,0.59
2262,2022-11-03 07:00,0.59
2263,2022-11-03 08:00,0.59
2264,2022-11-03 09:00,0.59
2265,2022-11-03 10:00,0.59
2266,2022-11-03 11:00,0.59
2267,2022-11-03 12:00,0.59
2268,2022-11-03 13:00,0.59
2269,2022-11-03 14:00,0.59
2270,2022-11-03 15:00,0.59
2271,2022-11-03 16:00,0.6
2272,2022-11-03 17:00,0.59
2273,2022-11-03 18:00,0.59
2274,2022-11-03 19:00,0.59
2275,2022-11-03 20:00,0.59
2276,2022-11-03 21:00,0.59
2277,2022-11-03 22:00,0.59
2278,2022-11-03 23:00,0.59
2279,2022-11-04 00:00,0.59
2280,2022-11-04 01:00,0.59
2281,2022-11-04 02:00,0.6
2282,2022-11-04 03:00,0.59
2283,2022-11-04 04:00,0.59
2284,2022-11-04 05:00,0.59
2285,2022-11-04 06:00,0.59
2286,2022-11-04 07:00,0.59
2287,2022-11-04 08:00,0.59
2288,2022-11-04 09:00,0.59
2289,2022-11-04 10:00,0.59
2290,2022-11-04 11:00,0.59
2291,2022-11-04 12:00,0.59
2292,2022-11-04 13:00,0.59
2293,2022-11-04 14:00,0.59
2294,2022-11-04 15:00,0.59
2295,2022-11-04 16:00,0.59
2296,2022-11-04 17:00,0.59
2297,2022-11-04 18:00,0.59
2298,2022-11-04 19:00,0.59
2299,2022-11-04 20:00,0.59
2300,2022-11-04 21:00,0.59
2301,2022-11-04 22:00,0.59
2302,2022-11-04 23:00,0.59
2303,2022-11-05 00:00,0.59
2304,2022-11-05 01:00,0.59
2305,2022-11-05 02:00,0.59
2306,2022-11-05 03:00,0.59
2307,2022-11-05 04:00,0.59
2308,2022-11-05 05:00,0.59
2309,2022-11-05 06:00,0.59
2310,2022-11-05 07:00,0.59
2311,2022-11-05 08:00,0.59
2312,2022-11-05 09:00,0.59
2313,2022-11-05 10:00,0.59
2314,2022-11-05 11:00,0.59
2315,2022-11-05 12:00,0.59
2316,2022-11-05 13:00,0.59
2317,2022-11-05 14:00,0.59
2318,2022-11-05 15:00,0.59
2319,2022-11-05 16:00,0.59
2320,2022-11-05 17:00,0.59
2321,2022-11-05 18:00,0.59
2322,2022-11-05 19:00,0.59
2323,2022-11-05 20:00,0.59
2324,2022-11-05 21:00,0.59
2325,2022-11-05 22:00,0.59
2326,2022-11-05 23:00,0.59
2327,2022-11-06 00:00,0.59
2328,2022-11-06 01:00,0.59
2329,2022-11-06 02:00,0.59
2330,2022-11-06 03:00,0.59
2331,2022-11-06 04:00,0.59
2332,2022-11-06 05:00,0.59
2333,2022-11-06 06:00,0.59
2334,2022-11-06 07:00,0.59
2335,2022-11-06 08:00,0.59
2336,2022-11-06 09:00,0.59
2337,2022-11-06 10:00,0.59
2338,2022-11-06 11:00,0.59
2339,2022-11-06 12:00,0.59
2340,2022-11-06 13:00,0.59
2341,2022-11-06 14:00,0.59
2342,2022-11-06 15:00,0.59
2343,2022-11-06 16:00,0.59
2344,2022-11-06 17:00,0.59
2345,2022-11-06 18:00,0.59
2346,2022-11-06 19:00,0.59
2347,2022-11-06 20:00,0.59
2348,2022-11-06 21:00,0.59
2349,2022-11-06 22:00,0.59
2350,2022-11-06 23:00,0.59
2351,2022-11-07 00:00,0.59
2352,2022-11-07 01:00,0.59
2353,2022-11-07 02:00,0.59
2354,2022-11-07 03:00,0.63
2355,2022-11-07 04:00,0.6
2356,2022-11-07 05:00,0.6
2357,2022-11-07 06:00,0.59
2358,2022-11-07 07:00,0.6
2359,2022-11-07 08:00,0.59
2360,2022-11-07 09:00,0.59
2361,2022-11-07 10:00,0.59
2362,2022-11-07 11:00,0.59
2363,2022-11-07 12:00,0.58
2364,2022-11-07 13:00,0.58
2365,2022-11-07 14:00,0.57
2366,2022-11-07 15:00,0.58
2367,2022-11-07 16:00,0.59
2368,2022-11-07 17:00,0.59
2369,2022-11-07 18:00,0.59
2370,2022-11-07 19:00,0.59
2371,2022-11-07 20:00,0.63
2372,2022-11-07 21:00,0.6
2373,2022-11-07 22:00,0.6
2374,2022-11-07 23:00,0.6
2375,2022-11-08 00:00,0.6
2376,2022-11-08 01:00,0.59
2377,2022-11-08 02:00,0.59
2378,2022-11-08 03:00,0.59
2379,2022-11-08 04:00,0.59
2380,2022-11-08 05:00,0.59
2381,2022-11-08 06:00,0.59
2382,2022-11-08 07:00,0.59
2383,2022-11-08 08:00,0.59
2384,2022-11-08 09:00,0.59
2385,2022-11-08 10:00,0.59
2386,2022-11-08 11:00,0.59
2387,2022-11-08 12:00,0.58
2388,2022-11-08 13:00,0.58
2389,2022-11-08 14:00,0.58
2390,2022-11-08 15:00,0.58
2391,2022-11-08 16:00,0.58
2392,2022-11-08 17:00,0.59
2393,2022-11-08 18:00,0.61
2394,2022-11-08 19:00,0.62
2395,2022-11-08 20:00,0.6
2396,2022-11-08 21:00,0.6
2397,2022-11-08 22:00,0.6
2398,2022-11-08 23:00,0.6
2399,2022-11-09 00:00,0.59
2400,2022-11-09 01:00,0.59
2401,2022-11-09 02:00,0.59
2402,2022-11-09 03:00,0.59
2403,2022-11-09 04:00,0.59
2404,2022-11-09 05:00,0.59
2405,2022-11-09 06:00,0.59
2406,2022-11-09 07:00,0.59
2407,2022-11-09 08:00,0.59
2408,2022-11-09 09:00,0.59
2409,2022-11-09 10:00,0.59
2410,2022-11-09 11:00,0.59
2411,2022-11-09 12:00,0.59
2412,2022-11-09 13:00,0.58
2413,2022-11-09 14:00,0.58
2414,2022-11-09 15:00,0.58
2415,2022-11-09 16:00,0.58
2416,2022-11-09 17:00,0.58
2417,2022-11-09 18:00,0.59
2418,2022-11-09 19:00,0.59
2419,2022-11-09 20:00,0.59
2420,2022-11-09 21:00,0.59
2421,2022-11-09 22:00,0.59
2422,2022-11-09 23:00,0.59
2423,2022-11-10 00:00,0.59
2424,2022-11-10 01:00,0.59
2425,2022-11-10 02:00,0.59
2426,2022-11-10 03:00,0.59
2427,2022-11-10 04:00,0.59
2428,2022-11-10 05:00,0.59
2429,2022-11-10 06:00,0.59
2430,2022-11-10 07:00,0.59
2431,2022-11-10 08:00,0.59
2432,2022-11-10 09:00,0.59
2433,2022-11-10 10:00,0.59
2434,2022-11-10 11:00,0.59
2435,2022-11-10 12:00,0.59
2436,2022-11-10 13:00,0.59
2437,2022-11-10 14:00,0.59
2438,2022-11-10 15:00,0.59
2439,2022-11-10 16:00,0.59
2440,2022-11-10 17:00,0.59
2441,2022-11-10 18:00,0.59
2442,2022-11-10 19:00,0.59
2443,2022-11-10 20:00,0.59
2444,2022-11-10 21:00,0.59
2445,2022-11-10 22:00,0.59
2446,2022-11-10 23:00,0.59
2447,2022-11-11 00:00,0.59
2448,2022-11-11 01:00,0.59
2449,2022-11-11 02:00,0.59
2450,2022-11-11 03:00,0.59
2451,2022-11-11 04:00,0.59
2452,2022-11-11 05:00,0.59
2453,2022-11-11 06:00,0.59
2454,2022-11-11 07:00,0.59
2455,2022-11-11 08:00,0.59
2456,2022-11-11 09:00,0.59
2457,2022-11-11 10:00,0.59
2458,2022-11-11 11:00,0.59
2459,2022-11-11 12:00,0.59
2460,2022-11-11 13:00,0.59
2461,2022-11-11 14:00,0.59
2462,2022-11-11 15:00,0.59
2463,2022-11-11 16:00,0.59
2464,2022-11-11 17:00,0.59
2465,2022-11-11 18:00,0.59
2466,2022-11-11 19:00,0.59
2467,2022-11-11 20:00,0.59
2468,2022-11-11 21:00,0.59
2469,2022-11-11 22:00,0.59
2470,2022-11-11 23:00,0.59
2471,2022-11-12 00:00,0.59
2472,2022-11-12 01:00,0.59
2473,2022-11-12 02:00,0.59
2474,2022-11-12 03:00,0.59
2475,2022-11-12 04:00,0.59
2476,2022-11-12 05:00,0.59
2477,2022-11-12 06:00,0.59
2478,2022-11-12 07:00,0.59
2479,2022-11-12 08:00,0.59
2480,2022-11-12 09:00,0.59
2481,2022-11-12 10:00,0.59
2482,2022-11-12 11:00,0.59
2483,2022-11-12 12:00,0.59
2484,2022-11-12 13:00,0.59
2485,2022-11-12 14:00,0.59
2486,2022-11-12 15:00,0.59
2487,2022-11-12 16:00,0.59
2488,2022-11-12 17:00,0.59
2489,2022-11-12 18:00,0.59
2490,2022-11-12 19:00,0.59
2491,2022-11-12 20:00,0.59
2492,2022-11-12 21:00,0.59
2493,2022-11-12 22:00,0.59
2494,2022-11-12 23:00,0.59
2495,2022-11-13 00:00,0.6
2496,2022-11-13 01:00,0.62
2497,2022-11-13 02:00,0.63
2498,2022-11-13 03:00,0.65
2499,2022-11-13 04:00,0.67
2500,2022-11-13 05:00,0.68
2501,2022-11-13 06:00,0.7
2502,2022-11-13 07:00,0.73
2503,2022-11-13 08:00,0.77
2504,2022-11-13 09:00,0.97
2505,2022-11-13 10:00,0.62
2506,2022-11-13 11:00,0.95
2507,2022-11-13 12:00,0.92
2508,2022-11-13 13:00,0.9
2509,2022-11-13 14:00,0.88
2510,2022-11-13 15:00,0.86
2511,2022-11-13 16:00,0.84
2512,2022-11-13 17:00,0.83
2513,2022-11-13 18:00,0.81
2514,2022-11-13 19:00,0.8
2515,2022-11-13 20:00,0.78
2516,2022-11-13 21:00,0.78
2517,2022-11-13 22:00,0.77
2518,2022-11-13 23:00,0.76
2519,2022-11-14 00:00,0.76
2520,2022-11-14 01:00,0.75
2521,2022-11-14 02:00,0.74
2522,2022-11-14 03:00,0.74
2523,2022-11-14 04:00,0.73
2524,2022-11-14 05:00,0.73
2525,2022-11-14 06:00,0.72
2526,2022-11-14 07:00,0.72
2527,2022-11-14 08:00,0.72
2528,2022-11-14 09:00,0.71
2529,2022-11-14 10:00,0.75
2530,2022-11-14 11:00,0.71
2531,2022-11-14 12:00,0.71
2532,2022-11-14 13:00,0.71
2533,2022-11-14 14:00,0.7
2534,2022-11-14 15:00,0.7
2535,2022-11-14 16:00,0.7
2536,2022-11-14 17:00,0.69
2537,2022-11-14 18:00,0.69
2538,2022-11-14 19:00,0.69
2539,2022-11-14 20:00,0.69
2540,2022-11-14 21:00,0.69
2541,2022-11-14 22:00,0.68
2542,2022-11-14 23:00,0.68
2543,2022-11-15 00:00,0.68
2544,2022-11-15 01:00,0.68
2545,2022-11-15 02:00,0.68
2546,2022-11-15 03:00,0.68
2547,2022-11-15 04:00,0.68
2548,2022-11-15 05:00,0.67
2549,2022-11-15 06:00,0.67
2550,2022-11-15 07:00,0.67
2551,2022-11-15 08:00,0.67
2552,2022-11-15 09:00,0.67
2553,2022-11-15 10:00,0.68
2554,2022-11-15 11:00,0.66
2555,2022-11-15 12:00,0.66
2556,2022-11-15 13:00,0.66
2557,2022-11-15 14:00,0.67
2558,2022-11-15 15:00,0.66
2559,2022-11-15 16:00,0.66
2560,2022-11-15 17:00,0.66
2561,2022-11-15 18:00,0.66
2562,2022-11-15 19:00,0.66
2563,2022-11-15 20:00,0.66
2564,2022-11-15 21:00,0.66
2565,2022-11-15 22:00,0.65
2566,2022-11-15 23:00,0.65
2567,2022-11-16 00:00,0.65
2568,2022-11-16 01:00,0.65
2569,2022-11-16 02:00,0.65
2570,2022-11-16 03:00,0.65
2571,2022-11-16 04:00,0.65
2572,2022-11-16 05:00,0.65
2573,2022-11-16 06:00,0.65
2574,2022-11-16 07:00,0.65
2575,2022-11-16 08:00,0.65
2576,2022-11-16 09:00,0.65
2577,2022-11-16 10:00,0.65
2578,2022-11-16 11:00,0.64
2579,2022-11-16 12:00,0.65
2580,2022-11-16 13:00,0.65
2581,2022-11-16 14:00,0.65
2582,2022-11-16 15:00,0.64
2583,2022-11-16 16:00,0.64
2584,2022-11-16 17:00,0.65
2585,2022-11-16 18:00,0.65
2586,2022-11-16 19:00,0.64
2587,2022-11-16 20:00,0.64
2588,2022-11-16 21:00,0.65
2589,2022-11-16 22:00,0.64
2590,2022-11-16 23:00,0.64
2591,2022-11-17 00:00,0.64
2592,2022-11-17 01:00,0.64
2593,2022-11-17 02:00,0.64
2594,2022-11-17 03:00,0.64
2595,2022-11-17 04:00,0.64
2596,2022-11-17 05:00,0.64
2597,2022-11-17 06:00,0.64
2598,2022-11-17 07:00,0.64
2599,2022-11-17 08:00,0.64
2600,2022-11-17 09:00,0.64
2601,2022-11-17 10:00,0.64
2602,2022-11-17 11:00,0.63
2603,2022-11-17 12:00,0.64
2604,2022-11-17 13:00,0.64
2605,2022-11-17 14:00,0.64
2606,2022-11-17 15:00,0.63
2607,2022-11-17 16:00,0.64
2608,2022-11-17 17:00,0.63
2609,2022-11-17 18:00,0.64
2610,2022-11-17 19:00,0.64
2611,2022-11-17 20:00,0.64
2612,2022-11-17 21:00,0.64
2613,2022-11-17 22:00,0.63
2614,2022-11-17 23:00,0.63
2615,2022-11-18 00:00,0.63
2616,2022-11-18 01:00,0.63
2617,2022-11-18 02:00,0.63
2618,2022-11-18 03:00,0.63
2619,2022-11-18 04:00,0.63
2620,2022-11-18 05:00,0.63
2621,2022-11-18 06:00,0.63
2622,2022-11-18 07:00,0.63
2623,2022-11-18 08:00,0.63
2624,2022-11-18 09:00,0.63
2625,2022-11-18 10:00,0.63
2626,2022-11-18 11:00,0.63
2627,2022-11-18 12:00,0.62
2628,2022-11-18 13:00,0.63
2629,2022-11-18 14:00,0.63
2630,2022-11-18 15:00,0.63
2631,2022-11-18 16:00,0.63
2632,2022-11-18 17:00,0.63
2633,2022-11-18 18:00,0.63
2634,2022-11-18 19:00,0.63
2635,2022-11-18 20:00,0.63
2636,2022-11-18 21:00,0.63
2637,2022-11-18 22:00,0.63
2638,2022-11-18 23:00,0.63
2639,2022-11-19 00:00,0.63
2640,2022-11-19 01:00,0.62
2641,2022-11-19 02:00,0.63
2642,2022-11-19 03:00,0.62
2643,2022-11-19 04:00,0.63
2644,2022-11-19 05:00,0.62
2645,2022-11-19 06:00,0.62
2646,2022-11-19 07:00,0.62
2647,2022-11-19 08:00,0.62
2648,2022-11-19 09:00,0.62
2649,2022-11-19 10:00,0.62
2650,2022-11-19 11:00,0.62
2651,2022-11-19 12:00,0.62
2652,2022-11-19 13:00,0.62
2653,2022-11-19 14:00,0.62
2654,2022-11-19 15:00,0.62
2655,2022-11-19 16:00,0.62
2656,2022-11-19 17:00,0.62
2657,2022-11-19 18:00,0.62
2658,2022-11-19 19:00,0.63
2659,2022-11-19 20:00,0.62
2660,2022-11-19 21:00,0.62
2661,2022-11-19 22:00,0.62
2662,2022-11-19 23:00,0.62
2663,2022-11-20 00:00,0.62
2664,2022-11-20 01:00,0.62
2665,2022-11-20 02:00,0.62
2666,2022-11-20 03:00,0.62
2667,2022-11-20 04:00,0.62
2668,2022-11-20 05:00,0.62
2669,2022-11-20 06:00,0.62
2670,2022-11-20 07:00,0.62
2671,2022-11-20 08:00,0.62
2672,2022-11-20 09:00,0.62
2673,2022-11-20 10:00,0.62
2674,2022-11-20 11:00,0.62
2675,2022-11-20 12:00,0.62
2676,2022-11-20 13:00,0.62
2677,2022-11-20 14:00,0.63
2678,2022-11-20 15:00,0.62
2679,2022-11-20 16:00,0.62
2680,2022-11-20 17:00,0.62
2681,2022-11-20 18:00,0.62
2682,2022-11-20 19:00,0.62
2683,2022-11-20 20:00,0.62
2684,2022-11-20 21:00,0.62
2685,2022-11-20 22:00,0.62
2686,2022-11-20 23:00,0.62
2687,2022-11-21 00:00,0.62
2688,2022-11-21 01:00,0.62
2689,2022-11-21 02:00,0.62
2690,2022-11-21 03:00,0.62
2691,2022-11-21 04:00,0.62
2692,2022-11-21 05:00,0.62
2693,2022-11-21 06:00,0.62
2694,2022-11-21 07:00,0.62
2695,2022-11-21 08:00,0.62
2696,2022-11-21 09:00,0.62
2697,2022-11-21 10:00,0.62
2698,2022-11-21 11:00,0.62
2699,2022-11-21 12:00,0.62
2700,2022-11-21 13:00,0.62
2701,2022-11-21 14:00,0.62
2702,2022-11-21 15:00,0.62
2703,2022-11-21 16:00,0.62
2704,2022-11-21 17:00,0.62
2705,2022-11-21 18:00,0.62
2706,2022-11-21 19:00,0.62
2707,2022-11-21 20:00,0.62
2708,2022-11-21 21:00,0.62
2709,2022-11-21 22:00,0.62
2710,2022-11-21 23:00,0.62
2711,2022-11-22 00:00,0.62
2712,2022-11-22 01:00,0.62
2713,2022-11-22 02:00,0.61
2714,2022-11-22 03:00,0.61
2715,2022-11-22 04:00,0.61
2716,2022-11-22 05:00,0.61
2717,2022-11-22 06:00,0.62
2718,2022-11-22 07:00,0.61
2719,2022-11-22 08:00,0.62
2720,2022-11-22 09:00,0.62
2721,2022-11-22 10:00,0.62
2722,2022-11-22 11:00,0.61
2723,2022-11-22 12:00,0.61
2724,2022-11-22 13:00,0.61
2725,2022-11-22 14:00,0.61
2726,2022-11-22 15:00,0.62
2727,2022-11-22 16:00,0.62
2728,2022-11-22 17:00,0.62
2729,2022-11-22 18:00,0.62
2730,2022-11-22 19:00,0.62
2731,2022-11-22 20:00,0.62
2732,2022-11-22 21:00,0.62
2733,2022-11-22 22:00,0.61
2734,2022-11-22 23:00,0.62
2735,2022-11-23 00:00,0.62
2736,2022-11-23 01:00,0.62
2737,2022-11-23 02:00,0.62
2738,2022-11-23 03:00,0.62
2739,2022-11-23 04:00,0.62
2740,2022-11-23 05:00,0.62
2741,2022-11-23 06:00,0.62
2742,2022-11-23 07:00,0.62
2743,2022-11-23 08:00,0.62
2744,2022-11-23 09:00,0.62
2745,2022-11-23 10:00,0.62
2746,2022-11-23 11:00,0.62
2747,2022-11-23 12:00,0.62
2748,2022-11-23 13:00,0.62
2749,2022-11-23 14:00,0.62
2750,2022-11-23 15:00,0.62
2751,2022-11-23 16:00,0.62
2752,2022-11-23 17:00,0.62
2753,2022-11-23 18:00,0.62
2754,2022-11-23 19:00,0.62
2755,2022-11-23 20:00,0.62
2756,2022-11-23 21:00,0.62
2757,2022-11-23 22:00,0.62
2758,2022-11-23 23:00,0.62
2759,2022-11-24 00:00,0.62
2760,2022-11-24 01:00,0.62
2761,2022-11-24 02:00,0.62
2762,2022-11-24 03:00,0.62
2763,2022-11-24 04:00,0.62
2764,2022-11-24 05:00,0.61
2765,2022-11-24 06:00,0.62
2766,2022-11-24 07:00,0.61
2767,2022-11-24 08:00,0.61
2768,2022-11-24 09:00,0.61
2769,2022-11-24 10:00,0.62
2770,2022-11-24 11:00,0.61
2771,2022-11-24 12:00,0.61
2772,2022-11-24 13:00,0.61
2773,2022-11-24 14:00,0.61
2774,2022-11-24 15:00,0.61
2775,2022-11-24 16:00,0.61
2776,2022-11-24 17:00,0.61
2777,2022-11-24 18:00,0.61
2778,2022-11-24 19:00,0.61
2779,2022-11-24 20:00,0.62
2780,2022-11-24 21:00,0.61
2781,2022-11-24 22:00,0.61
2782,2022-11-24 23:00,0.61
2783,2022-11-25 00:00,0.61
2784,2022-11-25 01:00,0.61
2785,2022-11-25 02:00,0.61
2786,2022-11-25 03:00,0.61
2787,2022-11-25 04:00,0.61
2788,2022-11-25 05:00,0.61
2789,2022-11-25 06:00,0.61
2790,2022-11-25 07:00,0.61
2791,2022-11-25 08:00,0.61
2792,2022-11-25 09:00,0.61
2793,2022-11-25 10:00,0.61
2794,2022-11-25 11:00,0.61
2795,2022-11-25 12:00,0.61
2796,2022-11-25 13:00,0.6
2797,2022-11-25 14:00,0.61
2798,2022-11-25 15:00,0.61
2799,2022-11-25 16:00,0.61
2800,2022-11-25 17:00,0.61
2801,2022-11-25 18:00,0.61
2802,2022-11-25 19:00,0.61
2803,2022-11-25 20:00,0.61
2804,2022-11-25 21:00,0.61
2805,2022-11-25 22:00,0.61
2806,2022-11-25 23:00,0.61
2807,2022-11-26 00:00,0.61
2808,2022-11-26 01:00,0.61
2809,2022-11-26 02:00,0.61
2810,2022-11-26 03:00,0.61
2811,2022-11-26 04:00,0.6
2812,2022-11-26 05:00,0.61
2813,2022-11-26 06:00,0.61
2814,2022-11-26 07:00,0.61
2815,2022-11-26 08:00,0.61
2816,2022-11-26 09:00,0.61
2817,2022-11-26 10:00,0.61
2818,2022-11-26 11:00,0.61
2819,2022-11-26 12:00,0.6
2820,2022-11-26 13:00,0.61
2821,2022-11-26 14:00,0.61
2822,2022-11-26 15:00,0.61
2823,2022-11-26 16:00,0.61
2824,2022-11-26 17:00,0.61
2825,2022-11-26 18:00,0.61
2826,2022-11-26 19:00,0.61
2827,2022-11-26 20:00,0.61
2828,2022-11-26 21:00,0.61
2829,2022-11-26 22:00,0.61
2830,2022-11-26 23:00,0.61
2831,2022-11-27 00:00,0.61
2832,2022-11-27 01:00,0.61
2833,2022-11-27 02:00,0.61
2834,2022-11-27 03:00,0.61
2835,2022-11-27 04:00,0.61
2836,2022-11-27 05:00,0.61
2837,2022-11-27 06:00,0.61
2838,2022-11-27 07:00,0.61
2839,2022-11-27 08:00,0.61
2840,2022-11-27 09:00,0.61
2841,2022-11-27 10:00,0.61
2842,2022-11-27 11:00,0.6
2843,2022-11-27 12:00,0.6
2844,2022-11-27 13:00,0.6
2845,2022-11-27 14:00,0.6
2846,2022-11-27 15:00,0.61
2847,2022-11-27 16:00,0.6
2848,2022-11-27 17:00,0.61
2849,2022-11-27 18:00,0.61
2850,2022-11-27 19:00,0.6
2851,2022-11-27 20:00,0.61
2852,2022-11-27 21:00,0.61
2853,2022-11-27 22:00,0.61
2854,2022-11-27 23:00,0.61
2855,2022-11-28 00:00,0.6
2856,2022-11-28 01:00,0.6
2857,2022-11-28 02:00,0.6
2858,2022-11-28 03:00,0.6
2859,2022-11-28 04:00,0.6
2860,2022-11-28 05:00,0.61
2861,2022-11-28 06:00,0.61
2862,2022-11-28 07:00,0.61
2863,2022-11-28 08:00,0.6
2864,2022-11-28 09:00,0.6
2865,2022-11-28 10:00,0.6
2866,2022-11-28 11:00,0.6
2867,2022-11-28 12:00,0.61
2868,2022-11-28 13:00,0.61
2869,2022-11-28 14:00,0.62
2870,2022-11-28 15:00,0.62
2871,2022-11-28 16:00,0.61
2872,2022-11-28 17:00,0.62
2873,2022-11-28 18:00,0.63
2874,2022-11-28 19:00,0.63
2875,2022-11-28 20:00,0.64
2876,2022-11-28 21:00,0.65
2877,2022-11-28 22:00,0.66
2878,2022-11-28 23:00,0.67
2879,2022-11-29 00:00,0.69
2880,2022-11-29 01:00,0.7
2881,2022-11-29 02:00,0.71
2882,2022-11-29 03:00,0.73
2883,2022-11-29 04:00,1.13
2884,2022-11-29 05:00,1.1
2885,2022-11-29 06:00,1.09
2886,2022-11-29 07:00,1.07
2887,2022-11-29 08:00,1.03
2888,2022-11-29 09:00,1.01
2889,2022-11-29 10:00,0.7
2890,2022-11-29 11:00,0.98
2891,2022-11-29 12:00,0.97
2892,2022-11-29 13:00,0.95
2893,2022-11-29 14:00,0.95
2894,2022-11-29 15:00,0.93
2895,2022-11-29 16:00,0.93
2896,2022-11-29 17:00,0.92
2897,2022-11-29 18:00,0.91
2898,2022-11-29 19:00,0.91
2899,2022-11-29 20:00,0.9
2900,2022-11-29 21:00,0.89
2901,2022-11-29 22:00,0.88
2902,2022-11-29 23:00,0.87
2903,2022-11-30 00:00,0.87
2904,2022-11-30 01:00,0.86
2905,2022-11-30 02:00,0.85
2906,2022-11-30 03:00,0.85
2907,2022-11-30 04:00,0.84
2908,2022-11-30 05:00,0.83
2909,2022-11-30 06:00,0.83
2910,2022-11-30 07:00,0.82
2911,2022-11-30 08:00,0.82
2912,2022-11-30 09:00,0.81
2913,2022-11-30 10:00,0.86
2914,2022-11-30 11:00,0.8
2915,2022-11-30 12:00,0.8
2916,2022-11-30 13:00,0.8
2917,2022-11-30 14:00,0.8
2918,2022-11-30 15:00,0.79
2919,2022-11-30 16:00,0.79
2920,2022-11-30 17:00,0.78
2921,2022-11-30 18:00,0.78
2922,2022-11-30 19:00,0.78
2923,2022-11-30 20:00,0.78
2924,2022-11-30 21:00,0.77
2925,2022-11-30 22:00,0.77
2926,2022-11-30 23:00,0.77
2927,2022-12-01 00:00,0.77
2928,2022-12-01 01:00,0.76
2929,2022-12-01 02:00,0.76
2930,2022-12-01 03:00,0.76
2931,2022-12-01 04:00,0.78
2932,2022-12-01 05:00,0.76
2933,2022-12-01 06:00,0.76
2934,2022-12-01 07:00,0.76
2935,2022-12-01 08:00,0.75
2936,2022-12-01 09:00,0.75
2937,2022-12-01 10:00,0.76
2938,2022-12-01 11:00,0.75
2939,2022-12-01 12:00,0.74
2940,2022-12-01 13:00,0.74
2941,2022-12-01 14:00,0.74
2942,2022-12-01 15:00,0.75
2943,2022-12-01 16:00,0.74
2944,2022-12-01 17:00,0.74
2945,2022-12-01 18:00,0.74
2946,2022-12-01 19:00,0.74
2947,2022-12-01 20:00,0.73
2948,2022-12-01 21:00,0.73
2949,2022-12-01 22:00,0.73
2950,2022-12-01 23:00,0.73
2951,2022-12-02 00:00,0.73
2952,2022-12-02 01:00,0.73
2953,2022-12-02 02:00,0.73
2954,2022-12-02 03:00,0.73
2955,2022-12-02 04:00,0.73
2956,2022-12-02 05:00,0.72
2957,2022-12-02 06:00,0.72
2958,2022-12-02 07:00,0.72
2959,2022-12-02 08:00,0.72
2960,2022-12-02 09:00,0.72
2961,2022-12-02 10:00,0.73
2962,2022-12-02 11:00,0.72
2963,2022-12-02 12:00,0.71
2964,2022-12-02 13:00,0.72
2965,2022-12-02 14:00,0.72
2966,2022-12-02 15:00,0.72
2967,2022-12-02 16:00,0.72
2968,2022-12-02 17:00,0.72
2969,2022-12-02 18:00,0.72
2970,2022-12-02 19:00,0.72
2971,2022-12-02 20:00,0.71
2972,2022-12-02 21:00,0.71
2973,2022-12-02 22:00,0.71
2974,2022-12-02 23:00,0.71
2975,2022-12-03 00:00,0.71
2976,2022-12-03 01:00,0.71
2977,2022-12-03 02:00,0.71
2978,2022-12-03 03:00,0.71
2979,2022-12-03 04:00,0.71
2980,2022-12-03 05:00,0.71
2981,2022-12-03 06:00,0.71
2982,2022-12-03 07:00,0.71
2983,2022-12-03 08:00,0.71
2984,2022-12-03 09:00,0.71
2985,2022-12-03 10:00,0.71
2986,2022-12-03 11:00,0.7
2987,2022-12-03 12:00,0.7
2988,2022-12-03 13:00,0.7
2989,2022-12-03 14:00,0.7
2990,2022-12-03 15:00,0.7
2991,2022-12-03 16:00,0.7
2992,2022-12-03 17:00,0.7
2993,2022-12-03 18:00,0.7
2994,2022-12-03 19:00,0.7
2995,2022-12-03 20:00,0.7
2996,2022-12-03 21:00,0.7
2997,2022-12-03 22:00,0.7
2998,2022-12-03 23:00,0.7
2999,2022-12-04 00:00,0.7
3000,2022-12-04 01:00,0.7
3001,2022-12-04 02:00,0.7
3002,2022-12-04 03:00,0.7
3003,2022-12-04 04:00,0.7
3004,2022-12-04 05:00,0.7
3005,2022-12-04 06:00,0.7
3006,2022-12-04 07:00,0.7
3007,2022-12-04 08:00,0.69
3008,2022-12-04 09:00,0.69
3009,2022-12-04 10:00,0.7
3010,2022-12-04 11:00,0.69
3011,2022-12-04 12:00,0.69
3012,2022-12-04 13:00,0.69
3013,2022-12-04 14:00,0.69
3014,2022-12-04 15:00,0.69
3015,2022-12-04 16:00,0.69
3016,2022-12-04 17:00,0.69
3017,2022-12-04 18:00,0.69
3018,2022-12-04 19:00,0.69
3019,2022-12-04 20:00,0.69
3020,2022-12-04 21:00,0.69
3021,2022-12-04 22:00,0.69
3022,2022-12-04 23:00,0.69
3023,2022-12-05 00:00,0.69
3024,2022-12-05 01:00,0.69
3025,2022-12-05 02:00,0.68
3026,2022-12-05 03:00,0.68
3027,2022-12-05 04:00,0.68
3028,2022-12-05 05:00,0.68
3029,2022-12-05 06:00,0.68
3030,2022-12-05 07:00,0.68
3031,2022-12-05 08:00,0.68
3032,2022-12-05 09:00,0.68
3033,2022-12-05 10:00,0.69
3034,2022-12-05 11:00,0.68
3035,2022-12-05 12:00,0.68
3036,2022-12-05 13:00,0.68
3037,2022-12-05 14:00,0.68
3038,2022-12-05 15:00,0.68
3039,2022-12-05 16:00,0.68
3040,2022-12-05 17:00,0.68
3041,2022-12-05 18:00,0.68
3042,2022-12-05 19:00,0.68
3043,2022-12-05 20:00,0.68
3044,2022-12-05 21:00,0.68
3045,2022-12-05 22:00,0.68
3046,2022-12-05 23:00,0.68
3047,2022-12-06 00:00,0.68
3048,2022-12-06 01:00,0.67
3049,2022-12-06 02:00,0.68
3050,2022-12-06 03:00,0.67
3051,2022-12-06 04:00,0.67
3052,2022-12-06 05:00,0.67
3053,2022-12-06 06:00,0.67
3054,2022-12-06 07:00,0.67
3055,2022-12-06 08:00,0.67
3056,2022-12-06 09:00,0.67
3057,2022-12-06 10:00,0.67
3058,2022-12-06 11:00,0.67
3059,2022-12-06 12:00,0.67
3060,2022-12-06 13:00,0.67
3061,2022-12-06 14:00,0.67
3062,2022-12-06 15:00,0.67
3063,2022-12-06 16:00,0.67
3064,2022-12-06 17:00,0.67
3065,2022-12-06 18:00,0.67
3066,2022-12-06 19:00,0.67
3067,2022-12-06 20:00,0.67
3068,2022-12-06 21:00,0.67
3069,2022-12-06 22:00,0.67
3070,2022-12-06 23:00,0.67
3071,2022-12-07 00:00,0.67
3072,2022-12-07 01:00,0.67
3073,2022-12-07 02:00,0.67
3074,2022-12-07 03:00,0.66
3075,2022-12-07 04:00,0.67
3076,2022-12-07 05:00,0.67
3077,2022-12-07 06:00,0.67
3078,2022-12-07 07:00,0.66
3079,2022-12-07 08:00,0.67
3080,2022-12-07 09:00,0.66
3081,2022-12-07 10:00,0.67
3082,2022-12-07 11:00,0.66
3083,2022-12-07 12:00,0.66
3084,2022-12-07 13:00,0.66
3085,2022-12-07 14:00,0.66
3086,2022-12-07 15:00,0.66
3087,2022-12-07 16:00,0.67
3088,2022-12-07 17:00,0.66
3089,2022-12-07 18:00,0.67
3090,2022-12-07 19:00,0.67
3091,2022-12-07 20:00,0.66
3092,2022-12-07 21:00,0.66
3093,2022-12-07 22:00,0.66
3094,2022-12-07 23:00,0.66
3095,2022-12-08 00:00,0.66
3096,2022-12-08 01:00,0.66
3097,2022-12-08 02:00,0.66
3098,2022-12-08 03:00,0.66
3099,2022-12-08 04:00,0.65
3100,2022-12-08 05:00,0.65
3101,2022-12-08 06:00,0.66
3102,2022-12-08 07:00,0.66
3103,2022-12-08 08:00,0.66
3104,2022-12-08 09:00,0.66
3105,2022-12-08 10:00,0.66
3106,2022-12-08 11:00,0.65
3107,2022-12-08 12:00,0.65
3108,2022-12-08 13:00,0.65
3109,2022-12-08 14:00,0.65
3110,2022-12-08 15:00,0.66
3111,2022-12-08 16:00,0.66
3112,2022-12-08 17:00,0.66
3113,2022-12-08 18:00,0.66
3114,2022-12-08 19:00,0.66
3115,2022-12-08 20:00,0.66
3116,2022-12-08 21:00,0.66
3117,2022-12-08 22:00,0.66
3118,2022-12-08 23:00,0.65
3119,2022-12-09 00:00,0.65
3120,2022-12-09 01:00,0.66
3121,2022-12-09 02:00,0.66
3122,2022-12-09 03:00,0.65
3123,2022-12-09 04:00,0.66
3124,2022-12-09 05:00,0.66
3125,2022-12-09 06:00,0.65
3126,2022-12-09 07:00,0.65
3127,2022-12-09 08:00,0.65
3128,2022-12-09 09:00,0.65
3129,2022-12-09 10:00,0.66
3130,2022-12-09 11:00,0.65
3131,2022-12-09 12:00,0.65
3132,2022-12-09 13:00,0.65
3133,2022-12-09 14:00,0.64
3134,2022-12-09 15:00,0.59
3135,2022-12-09 16:00,0.63
3136,2022-12-09 17:00,0.62
3137,2022-12-09 18:00,0.65
3138,2022-12-09 19:00,0.65
3139,2022-12-09 20:00,0.65
3140,2022-12-09 21:00,0.65
3141,2022-12-09 22:00,0.65
3142,2022-12-09 23:00,0.65
3143,2022-12-10 00:00,0.65
3144,2022-12-10 01:00,0.65
3145,2022-12-10 02:00,0.65
3146,2022-12-10 03:00,0.65
3147,2022-12-10 04:00,0.65
3148,2022-12-10 05:00,0.65
3149,2022-12-10 06:00,0.65
3150,2022-12-10 07:00,0.65
3151,2022-12-10 08:00,0.65
3152,2022-12-10 09:00,0.65
3153,2022-12-10 10:00,0.65
3154,2022-12-10 11:00,0.65
3155,2022-12-10 12:00,0.65
3156,2022-12-10 13:00,0.65
3157,2022-12-10 14:00,0.65
3158,2022-12-10 15:00,0.65
3159,2022-12-10 16:00,0.65
3160,2022-12-10 17:00,0.65
3161,2022-12-10 18:00,0.65
3162,2022-12-10 19:00,0.65
3163,2022-12-10 20:00,0.65
3164,2022-12-10 21:00,0.65
3165,2022-12-10 22:00,0.65
3166,2022-12-10 23:00,0.65
3167,2022-12-11 00:00,0.65
3168,2022-12-11 01:00,0.65
3169,2022-12-11 02:00,0.65
3170,2022-12-11 03:00,0.65
3171,2022-12-11 04:00,0.65
3172,2022-12-11 05:00,0.65
3173,2022-12-11 06:00,0.65
3174,2022-12-11 07:00,0.65
3175,2022-12-11 08:00,0.65
3176,2022-12-11 09:00,0.64
3177,2022-12-11 10:00,0.65
3178,2022-12-11 11:00,0.64
3179,2022-12-11 12:00,0.64
3180,2022-12-11 13:00,0.64
3181,2022-12-11 14:00,0.65
3182,2022-12-11 15:00,0.64
3183,2022-12-11 16:00,0.64
3184,2022-12-11 17:00,0.64
3185,2022-12-11 18:00,0.64
3186,2022-12-11 19:00,0.65
3187,2022-12-11 20:00,0.65
3188,2022-12-11 21:00,0.64
3189,2022-12-11 22:00,0.64
3190,2022-12-11 23:00,0.64
3191,2022-12-12 00:00,0.64
3192,2022-12-12 01:00,0.64
3193,2022-12-12 02:00,0.64
3194,2022-12-12 03:00,0.64
3195,2022-12-12 04:00,0.64
3196,2022-12-12 05:00,0.64
3197,2022-12-12 06:00,0.64
3198,2022-12-12 07:00,0.64
3199,2022-12-12 08:00,0.64
3200,2022-12-12 09:00,0.64
3201,2022-12-12 10:00,0.64
3202,2022-12-12 11:00,0.64
3203,2022-12-12 12:00,0.64
3204,2022-12-12 13:00,0.64
3205,2022-12-12 14:00,0.64
3206,2022-12-12 15:00,0.64
3207,2022-12-12 16:00,0.64
3208,2022-12-12 17:00,0.64
3209,2022-12-12 18:00,0.64
3210,2022-12-12 19:00,0.64
3211,2022-12-12 20:00,0.64
3212,2022-12-12 21:00,0.64
3213,2022-12-12 22:00,0.64
3214,2022-12-12 23:00,0.64
3215,2022-12-13 00:00,0.64
3216,2022-12-13 01:00,0.64
3217,2022-12-13 02:00,0.64
3218,2022-12-13 03:00,0.64
3219,2022-12-13 04:00,0.64
3220,2022-12-13 05:00,0.64
3221,2022-12-13 06:00,0.64
3222,2022-12-13 07:00,0.64
3223,2022-12-13 08:00,0.64
3224,2022-12-13 09:00,0.64
3225,2022-12-13 10:00,0.64
3226,2022-12-13 11:00,0.64
3227,2022-12-13 12:00,0.64
3228,2022-12-13 13:00,0.64
3229,2022-12-13 14:00,0.64
3230,2022-12-13 15:00,0.64
3231,2022-12-13 16:00,0.64
3232,2022-12-13 17:00,0.64
3233,2022-12-13 18:00,0.63
3234,2022-12-13 19:00,0.64
3235,2022-12-13 20:00,0.63
3236,2022-12-13 21:00,0.63
3237,2022-12-13 22:00,0.64
3238,2022-12-13 23:00,0.64
3239,2022-12-14 00:00,0.63
3240,2022-12-14 01:00,0.63
3241,2022-12-14 02:00,0.63
3242,2022-12-14 03:00,0.63
3243,2022-12-14 04:00,0.63
3244,2022-12-14 05:00,0.63
3245,2022-12-14 06:00,0.63
3246,2022-12-14 07:00,0.64
3247,2022-12-14 08:00,0.63
3248,2022-12-14 09:00,0.63
3249,2022-12-14 10:00,0.63
3250,2022-12-14 11:00,0.63
3251,2022-12-14 12:00,0.63
3252,2022-12-14 13:00,0.63
3253,2022-12-14 14:00,0.64
3254,2022-12-14 15:00,0.63
3255,2022-12-14 16:00,0.63
3256,2022-12-14 17:00,0.63
3257,2022-12-14 18:00,0.63
3258,2022-12-14 19:00,0.63
3259,2022-12-14 20:00,0.63
3260,2022-12-14 21:00,0.63
3261,2022-12-14 22:00,0.63
3262,2022-12-14 23:00,0.63
3263,2022-12-15 00:00,0.63
3264,2022-12-15 01:00,0.63
3265,2022-12-15 02:00,0.63
3266,2022-12-15 03:00,0.63
3267,2022-12-15 04:00,0.63
3268,2022-12-15 05:00,0.63
3269,2022-12-15 06:00,0.63
3270,2022-12-15 07:00,0.63
3271,2022-12-15 08:00,0.63
3272,2022-12-15 09:00,0.63
3273,2022-12-15 10:00,0.63
3274,2022-12-15 11:00,0.63
3275,2022-12-15 12:00,0.63
3276,2022-12-15 13:00,0.62
3277,2022-12-15 14:00,0.63
3278,2022-12-15 15:00,0.63
3279,2022-12-15 16:00,0.62
3280,2022-12-15 17:00,0.63
3281,2022-12-15 18:00,0.63
3282,2022-12-15 19:00,0.63
3283,2022-12-15 20:00,0.63
3284,2022-12-15 21:00,0.62
3285,2022-12-15 22:00,0.63
3286,2022-12-15 23:00,0.63
3287,2022-12-16 00:00,0.63
3288,2022-12-16 01:00,0.63
3289,2022-12-16 02:00,0.63
3290,2022-12-16 03:00,0.63
3291,2022-12-16 04:00,0.63
3292,2022-12-16 05:00,0.63
3293,2022-12-16 06:00,0.63
3294,2022-12-16 07:00,0.63
3295,2022-12-16 08:00,0.62
3296,2022-12-16 09:00,0.63
3297,2022-12-16 10:00,0.63
3298,2022-12-16 11:00,0.63
3299,2022-12-16 12:00,0.63
3300,2022-12-16 13:00,0.63
3301,2022-12-16 14:00,0.62
3302,2022-12-16 15:00,0.63
3303,2022-12-16 16:00,0.62
3304,2022-12-16 17:00,0.63
3305,2022-12-16 18:00,0.63
3306,2022-12-16 19:00,0.63
3307,2022-12-16 20:00,0.63
3308,2022-12-16 21:00,0.63
3309,2022-12-16 22:00,0.63
3310,2022-12-16 23:00,0.63
3311,2022-12-17 00:00,0.63
3312,2022-12-17 01:00,0.63
3313,2022-12-17 02:00,0.63
3314,2022-12-17 03:00,0.62
3315,2022-12-17 04:00,0.63
3316,2022-12-17 05:00,0.63
3317,2022-12-17 06:00,0.63
3318,2022-12-17 07:00,0.63
3319,2022-12-17 08:00,0.63
3320,2022-12-17 09:00,0.62
3321,2022-12-17 10:00,0.63
3322,2022-12-17 11:00,0.62
3323,2022-12-17 12:00,0.62
3324,2022-12-17 13:00,0.62
3325,2022-12-17 14:00,0.62
3326,2022-12-17 15:00,0.63
3327,2022-12-17 16:00,0.62
3328,2022-12-17 17:00,0.62
3329,2022-12-17 18:00,0.62
3330,2022-12-17 19:00,0.62
3331,2022-12-17 20:00,0.62
3332,2022-12-17 21:00,0.62
3333,2022-12-17 22:00,0.62
3334,2022-12-17 23:00,0.62
3335,2022-12-18 00:00,0.62
3336,2022-12-18 01:00,0.63
3337,2022-12-18 02:00,0.62
3338,2022-12-18 03:00,0.62
3339,2022-12-18 04:00,0.62
3340,2022-12-18 05:00,0.62
3341,2022-12-18 06:00,0.62
3342,2022-12-18 07:00,0.62
3343,2022-12-18 08:00,0.62
3344,2022-12-18 09:00,0.62
3345,2022-12-18 10:00,0.63
3346,2022-12-18 11:00,0.62
3347,2022-12-18 12:00,0.62
3348,2022-12-18 13:00,0.62
3349,2022-12-18 14:00,0.62
3350,2022-12-18 15:00,0.62
3351,2022-12-18 16:00,0.62
3352,2022-12-18 17:00,0.62
3353,2022-12-18 18:00,0.62
3354,2022-12-18 19:00,0.62
3355,2022-12-18 20:00,0.62
3356,2022-12-18 21:00,0.62
3357,2022-12-18 22:00,0.62
3358,2022-12-18 23:00,0.62
3359,2022-12-19 00:00,0.62
3360,2022-12-19 01:00,0.62
3361,2022-12-19 02:00,0.62
3362,2022-12-19 03:00,0.62
3363,2022-12-19 04:00,0.62
3364,2022-12-19 05:00,0.62
3365,2022-12-19 06:00,0.62
3366,2022-12-19 07:00,0.62
3367,2022-12-19 08:00,0.62
3368,2022-12-19 09:00,0.62
3369,2022-12-19 10:00,0.62
3370,2022-12-19 11:00,0.62
3371,2022-12-19 12:00,0.62
3372,2022-12-19 13:00,0.62
3373,2022-12-19 14:00,0.62
3374,2022-12-19 15:00,0.62
3375,2022-12-19 16:00,0.61
3376,2022-12-19 17:00,0.62
3377,2022-12-19 18:00,0.61
3378,2022-12-19 19:00,0.61
3379,2022-12-19 20:00,0.61
3380,2022-12-19 21:00,0.62
3381,2022-12-19 22:00,0.61
3382,2022-12-19 23:00,0.61
3383,2022-12-20 00:00,0.61
3384,2022-12-20 01:00,0.62
3385,2022-12-20 02:00,0.62
3386,2022-12-20 03:00,0.62
3387,2022-12-20 04:00,0.62
3388,2022-12-20 05:00,0.62
3389,2022-12-20 06:00,0.62
3390,2022-12-20 07:00,0.62
3391,2022-12-20 08:00,0.62
3392,2022-12-20 09:00,0.62
3393,2022-12-20 10:00,0.62
3394,2022-12-20 11:00,0.62
3395,2022-12-20 12:00,0.62
3396,2022-12-20 13:00,0.62
3397,2022-12-20 14:00,0.61
3398,2022-12-20 15:00,0.61
3399,2022-12-20 16:00,0.62
3400,2022-12-20 17:00,0.62
3401,2022-12-20 18:00,0.62
3402,2022-12-20 19:00,0.62
3403,2022-12-20 20:00,0.62
3404,2022-12-20 21:00,0.62
3405,2022-12-20 22:00,0.62
3406,2022-12-20 23:00,0.62
3407,2022-12-21 00:00,0.62
3408,2022-12-21 01:00,0.61
3409,2022-12-21 02:00,0.61
3410,2022-12-21 03:00,0.62
3411,2022-12-21 04:00,0.62
3412,2022-12-21 05:00,0.62
3413,2022-12-21 06:00,0.62
3414,2022-12-21 07:00,0.61
3415,2022-12-21 08:00,0.62
3416,2022-12-21 09:00,0.62
3417,2022-12-21 10:00,0.61
3418,2022-12-21 11:00,0.62
3419,2022-12-21 12:00,0.62
3420,2022-12-21 13:00,0.62
3421,2022-12-21 14:00,0.62
3422,2022-12-21 15:00,0.63
3423,2022-12-21 16:00,0.62
3424,2022-12-21 17:00,0.62
3425,2022-12-21 18:00,0.63
3426,2022-12-21 19:00,0.63
3427,2022-12-21 20:00,0.63
3428,2022-12-21 21:00,0.63
3429,2022-12-21 22:00,0.63
3430,2022-12-21 23:00,0.63
3431,2022-12-22 00:00,0.63
3432,2022-12-22 01:00,0.63
3433,2022-12-22 02:00,0.64
3434,2022-12-22 03:00,0.64
3435,2022-12-22 04:00,0.64
3436,2022-12-22 05:00,0.63
3437,2022-12-22 06:00,0.63
3438,2022-12-22 07:00,0.63
3439,2022-12-22 08:00,0.63
3440,2022-12-22 09:00,0.63
3441,2022-12-22 10:00,0.63
3442,2022-12-22 11:00,0.63
3443,2022-12-22 12:00,0.63
3444,2022-12-22 13:00,0.62
3445,2022-12-22 14:00,0.62
3446,2022-12-22 15:00,0.63
3447,2022-12-22 16:00,0.62
3448,2022-12-22 17:00,0.62
3449,2022-12-22 18:00,0.63
3450,2022-12-22 19:00,0.62
3451,2022-12-22 20:00,0.62
3452,2022-12-22 21:00,0.62
3453,2022-12-22 22:00,0.62
3454,2022-12-22 23:00,0.62
3455,2022-12-23 00:00,0.62
3456,2022-12-23 01:00,0.62
3457,2022-12-23 02:00,0.62
3458,2022-12-23 03:00,0.62
3459,2022-12-23 04:00,0.62
3460,2022-12-23 05:00,0.62
3461,2022-12-23 06:00,0.62
3462,2022-12-23 07:00,0.62
3463,2022-12-23 08:00,0.62
3464,2022-12-23 09:00,0.61
3465,2022-12-23 10:00,0.62
3466,2022-12-23 11:00,0.61
3467,2022-12-23 12:00,0.61
3468,2022-12-23 13:00,0.61
3469,2022-12-23 14:00,0.61
3470,2022-12-23 15:00,0.61
3471,2022-12-23 16:00,0.62
3472,2022-12-23 17:00,0.61
3473,2022-12-23 18:00,0.61
3474,2022-12-23 19:00,0.61
3475,2022-12-23 20:00,0.62
3476,2022-12-23 21:00,0.61
3477,2022-12-23 22:00,0.61
3478,2022-12-23 23:00,0.61
3479,2022-12-24 00:00,0.61
3480,2022-12-24 01:00,0.61
3481,2022-12-24 02:00,0.61
3482,2022-12-24 03:00,0.61
3483,2022-12-24 04:00,0.61
3484,2022-12-24 05:00,0.61
3485,2022-12-24 06:00,0.61
3486,2022-12-24 07:00,0.61
3487,2022-12-24 08:00,0.61
3488,2022-12-24 09:00,0.61
3489,2022-12-24 10:00,0.61
3490,2022-12-24 11:00,0.61
3491,2022-12-24 12:00,0.61
3492,2022-12-24 13:00,0.61
3493,2022-12-24 14:00,0.61
3494,2022-12-24 15:00,0.6
3495,2022-12-24 16:00,0.61
3496,2022-12-24 17:00,0.61
3497,2022-12-24 18:00,0.61
3498,2022-12-24 19:00,0.61
3499,2022-12-24 20:00,0.6
3500,2022-12-24 21:00,0.61
3501,2022-12-24 22:00,0.61
3502,2022-12-24 23:00,0.61
3503,2022-12-25 00:00,0.61
3504,2022-12-25 01:00,0.61
3505,2022-12-25 02:00,0.61
3506,2022-12-25 03:00,0.61
3507,2022-12-25 04:00,0.61
3508,2022-12-25 05:00,0.61
3509,2022-12-25 06:00,0.61
3510,2022-12-25 07:00,0.6
3511,2022-12-25 08:00,0.6
3512,2022-12-25 09:00,0.61
3513,2022-12-25 10:00,0.61
3514,2022-12-25 11:00,0.61
3515,2022-12-25 12:00,0.6
3516,2022-12-25 13:00,0.6
3517,2022-12-25 14:00,0.6
3518,2022-12-25 15:00,0.6
3519,2022-12-25 16:00,0.6
3520,2022-12-25 17:00,0.6
3521,2022-12-25 18:00,0.6
3522,2022-12-25 19:00,0.6
3523,2022-12-25 20:00,0.6
3524,2022-12-25 21:00,0.6
3525,2022-12-25 22:00,0.61
3526,2022-12-25 23:00,0.62
3527,2022-12-26 00:00,0.61
3528,2022-12-26 01:00,0.61
3529,2022-12-26 02:00,0.61
3530,2022-12-26 03:00,0.61
3531,2022-12-26 04:00,0.61
3532,2022-12-26 05:00,0.61
3533,2022-12-26 06:00,0.61
3534,2022-12-26 07:00,0.61
3535,2022-12-26 08:00,0.61
3536,2022-12-26 09:00,0.6
3537,2022-12-26 10:00,0.61
3538,2022-12-26 11:00,0.61
3539,2022-12-26 12:00,0.6
3540,2022-12-26 13:00,0.6
3541,2022-12-26 14:00,0.61
3542,2022-12-26 15:00,0.6
3543,2022-12-26 16:00,0.6
3544,2022-12-26 17:00,0.6
3545,2022-12-26 18:00,0.6
3546,2022-12-26 19:00,0.6
3547,2022-12-26 20:00,0.61
3548,2022-12-26 21:00,0.61
3549,2022-12-26 22:00,0.61
3550,2022-12-26 23:00,0.61
3551,2022-12-27 00:00,0.61
3552,2022-12-27 01:00,0.61
3553,2022-12-27 02:00,0.61
3554,2022-12-27 03:00,0.61
3555,2022-12-27 04:00,0.61
3556,2022-12-27 05:00,0.6
3557,2022-12-27 06:00,0.61
3558,2022-12-27 07:00,0.6
3559,2022-12-27 08:00,0.6
3560,2022-12-27 09:00,0.61
3561,2022-12-27 10:00,0.61
3562,2022-12-27 11:00,0.6
3563,2022-12-27 12:00,0.6
3564,2022-12-27 13:00,0.6
3565,2022-12-27 14:00,0.6
3566,2022-12-27 15:00,0.6
3567,2022-12-27 16:00,0.6
3568,2022-12-27 17:00,0.6
3569,2022-12-27 18:00,0.6
3570,2022-12-27 19:00,0.6
3571,2022-12-27 20:00,0.6
3572,2022-12-27 21:00,0.61
3573,2022-12-27 22:00,0.61
3574,2022-12-27 23:00,0.61
3575,2022-12-28 00:00,0.61
3576,2022-12-28 01:00,0.6
3577,2022-12-28 02:00,0.61
3578,2022-12-28 03:00,0.61
3579,2022-12-28 04:00,0.61
3580,2022-12-28 05:00,0.6
3581,2022-12-28 06:00,0.6
3582,2022-12-28 07:00,0.61
3583,2022-12-28 08:00,0.6
3584,2022-12-28 09:00,0.61
3585,2022-12-28 10:00,0.6
3586,2022-12-28 11:00,0.6
3587,2022-12-28 12:00,0.6
3588,2022-12-28 13:00,0.6
3589,2022-12-28 14:00,0.6
3590,2022-12-28 15:00,0.61
3591,2022-12-28 16:00,0.6
3592,2022-12-28 17:00,0.6
3593,2022-12-28 18:00,0.6
3594,2022-12-28 19:00,0.61
3595,2022-12-28 20:00,0.61
3596,2022-12-28 21:00,0.61
3597,2022-12-28 22:00,0.61
3598,2022-12-28 23:00,0.6
3599,2022-12-29 00:00,0.6
3600,2022-12-29 01:00,0.6
3601,2022-12-29 02:00,0.6
3602,2022-12-29 03:00,0.6
3603,2022-12-29 04:00,0.6
3604,2022-12-29 05:00,0.61
3605,2022-12-29 06:00,0.6
3606,2022-12-29 07:00,0.6
3607,2022-12-29 08:00,0.6
3608,2022-12-29 09:00,0.6
3609,2022-12-29 10:00,0.6
3610,2022-12-29 11:00,0.61
3611,2022-12-29 12:00,0.6
3612,2022-12-29 13:00,0.6
3613,2022-12-29 14:00,0.6
3614,2022-12-29 15:00,0.6
3615,2022-12-29 16:00,0.6
3616,2022-12-29 17:00,0.6
3617,2022-12-29 18:00,0.6
3618,2022-12-29 19:00,0.6
3619,2022-12-29 20:00,0.6
3620,2022-12-29 21:00,0.6
3621,2022-12-29 22:00,0.6
3622,2022-12-29 23:00,0.6
3623,2022-12-30 00:00,0.61
3624,2022-12-30 01:00,0.6
3625,2022-12-30 02:00,0.6
3626,2022-12-30 03:00,0.6
3627,2022-12-30 04:00,0.6
3628,2022-12-30 05:00,0.6
3629,2022-12-30 06:00,0.61
3630,2022-12-30 07:00,0.6
3631,2022-12-30 08:00,0.6
3632,2022-12-30 09:00,0.6
3633,2022-12-30 10:00,0.6
3634,2022-12-30 11:00,0.6
3635,2022-12-30 12:00,0.6
3636,2022-12-30 13:00,0.6
3637,2022-12-30 14:00,0.6
3638,2022-12-30 15:00,0.61
3639,2022-12-30 16:00,0.6
3640,2022-12-30 17:00,0.6
3641,2022-12-30 18:00,0.6
3642,2022-12-30 19:00,0.6
3643,2022-12-30 20:00,0.6
3644,2022-12-30 21:00,0.6
3645,2022-12-30 22:00,0.6
3646,2022-12-30 23:00,0.6
3647,2022-12-31 00:00,0.6
3648,2022-12-31 01:00,0.6
3649,2022-12-31 02:00,0.6
3650,2022-12-31 03:00,0.6
3651,2022-12-31 04:00,0.6
3652,2022-12-31 05:00,0.6
3653,2022-12-31 06:00,0.6
3654,2022-12-31 07:00,0.6
3655,2022-12-31 08:00,0.6
3656,2022-12-31 09:00,0.6
3657,2022-12-31 10:00,0.6
3658,2022-12-31 11:00,0.6
3659,2022-12-31 12:00,0.6
3660,2022-12-31 13:00,0.6
3661,2022-12-31 14:00,0.6
3662,2022-12-31 15:00,0.6
3663,2022-12-31 16:00,0.6
3664,2022-12-31 17:00,0.6
3665,2022-12-31 18:00,0.6
3666,2022-12-31 19:00,0.61
3667,2022-12-31 20:00,0.6
3668,2022-12-31 21:00,0.6
3669,2022-12-31 22:00,0.6
3670,2022-12-31 23:00,0.6
3671,2023-01-01 00:00,0.6
